{"level":"info","message":"🚀 Starting Security Dashboard Backend...","service":"app","timestamp":"2025-11-30 13:29:44"}
{"level":"error","message":"❌ Database connection failed. Exiting...","service":"app","timestamp":"2025-11-30 13:29:44"}
{"level":"info","message":"🚀 Starting Security Dashboard Backend...","service":"app","timestamp":"2025-11-30 13:54:30"}
{"level":"warn","message":"⚠️  LDAP connection failed. AD authentication will be disabled.","service":"app","timestamp":"2025-11-30 13:54:34"}
{"error":"column \"enabled\" does not exist","level":"error","message":"Failed to initialize connectors","service":"app","timestamp":"2025-11-30 13:54:34"}
{"0":"c","1":"o","10":"a","11":"b","12":"l","13":"e","14":"d","15":"\"","16":" ","17":"d","18":"o","19":"e","2":"l","20":"s","21":" ","22":"n","23":"o","24":"t","25":" ","26":"e","27":"x","28":"i","29":"s","3":"u","30":"t","4":"m","5":"n","6":" ","7":"\"","8":"e","9":"n","level":"warn","message":"⚠️  Failed to initialize connectors:","service":"app","timestamp":"2025-11-30 13:54:34"}
{"level":"info","message":"WebSocket heartbeat started","service":"app","timestamp":"2025-11-30 13:54:34"}
{"level":"info","message":"WebSocket server initialized","service":"app","timestamp":"2025-11-30 13:54:34"}
{"level":"info","message":"Database triggers setup complete","service":"app","timestamp":"2025-11-30 13:54:36"}
{"level":"info","message":"✅ WebSocket server initialized","service":"app","timestamp":"2025-11-30 13:54:36"}
{"level":"info","message":"✅ Server running on port 5000","service":"app","timestamp":"2025-11-30 13:54:36"}
{"level":"info","message":"📊 API Base URL: /api/v1","service":"app","timestamp":"2025-11-30 13:54:36"}
{"level":"info","message":"🔌 WebSocket URL: ws://localhost:5000/ws","service":"app","timestamp":"2025-11-30 13:54:36"}
{"level":"info","message":"🌍 Environment: development","service":"app","timestamp":"2025-11-30 13:54:36"}
{"level":"info","message":"🚀 Starting Security Dashboard Backend...","service":"app","timestamp":"2025-11-30 13:56:24"}
{"level":"warn","message":"⚠️  LDAP connection failed. AD authentication will be disabled.","service":"app","timestamp":"2025-11-30 13:56:26"}
{"error":"column \"enabled\" does not exist","level":"error","message":"Failed to initialize connectors","service":"app","timestamp":"2025-11-30 13:56:26"}
{"0":"c","1":"o","10":"a","11":"b","12":"l","13":"e","14":"d","15":"\"","16":" ","17":"d","18":"o","19":"e","2":"l","20":"s","21":" ","22":"n","23":"o","24":"t","25":" ","26":"e","27":"x","28":"i","29":"s","3":"u","30":"t","4":"m","5":"n","6":" ","7":"\"","8":"e","9":"n","level":"warn","message":"⚠️  Failed to initialize connectors:","service":"app","timestamp":"2025-11-30 13:56:26"}
{"level":"info","message":"WebSocket heartbeat started","service":"app","timestamp":"2025-11-30 13:56:26"}
{"level":"info","message":"WebSocket server initialized","service":"app","timestamp":"2025-11-30 13:56:26"}
{"level":"info","message":"Database triggers setup complete","service":"app","timestamp":"2025-11-30 13:56:28"}
{"level":"info","message":"✅ WebSocket server initialized","service":"app","timestamp":"2025-11-30 13:56:28"}
{"level":"info","message":"✅ Server running on port 5000","service":"app","timestamp":"2025-11-30 13:56:28"}
{"level":"info","message":"📊 API Base URL: /api/v1","service":"app","timestamp":"2025-11-30 13:56:28"}
{"level":"info","message":"🔌 WebSocket URL: ws://localhost:5000/ws","service":"app","timestamp":"2025-11-30 13:56:28"}
{"level":"info","message":"🌍 Environment: development","service":"app","timestamp":"2025-11-30 13:56:28"}
{"level":"info","message":"🚀 Starting Security Dashboard Backend...","service":"app","timestamp":"2025-11-30 13:57:07"}
{"level":"warn","message":"⚠️  LDAP connection failed. AD authentication will be disabled.","service":"app","timestamp":"2025-11-30 13:57:09"}
{"level":"info","message":"Initialized 0 connectors","service":"app","timestamp":"2025-11-30 13:57:09"}
{"level":"info","message":"✅ Security tool connectors initialized","service":"app","timestamp":"2025-11-30 13:57:09"}
{"level":"info","message":"WebSocket heartbeat started","service":"app","timestamp":"2025-11-30 13:57:09"}
{"level":"info","message":"WebSocket server initialized","service":"app","timestamp":"2025-11-30 13:57:09"}
{"level":"info","message":"Database triggers setup complete","service":"app","timestamp":"2025-11-30 13:57:10"}
{"level":"info","message":"✅ WebSocket server initialized","service":"app","timestamp":"2025-11-30 13:57:10"}
{"level":"info","message":"✅ Server running on port 5000","service":"app","timestamp":"2025-11-30 13:57:10"}
{"level":"info","message":"📊 API Base URL: /api/v1","service":"app","timestamp":"2025-11-30 13:57:10"}
{"level":"info","message":"🔌 WebSocket URL: ws://localhost:5000/ws","service":"app","timestamp":"2025-11-30 13:57:10"}
{"level":"info","message":"🌍 Environment: development","service":"app","timestamp":"2025-11-30 13:57:10"}
{"level":"info","message":"🚀 Starting Security Dashboard Backend...","service":"app","timestamp":"2025-11-30 13:57:52"}
{"level":"warn","message":"⚠️  LDAP connection failed. AD authentication will be disabled.","service":"app","timestamp":"2025-11-30 13:57:55"}
{"level":"info","message":"Initialized 0 connectors","service":"app","timestamp":"2025-11-30 13:57:55"}
{"level":"info","message":"✅ Security tool connectors initialized","service":"app","timestamp":"2025-11-30 13:57:55"}
{"level":"info","message":"WebSocket heartbeat started","service":"app","timestamp":"2025-11-30 13:57:55"}
{"level":"info","message":"WebSocket server initialized","service":"app","timestamp":"2025-11-30 13:57:55"}
{"level":"info","message":"Database triggers setup complete","service":"app","timestamp":"2025-11-30 13:57:56"}
{"level":"info","message":"✅ WebSocket server initialized","service":"app","timestamp":"2025-11-30 13:57:56"}
{"level":"info","message":"✅ Server running on port 5000","service":"app","timestamp":"2025-11-30 13:57:56"}
{"level":"info","message":"📊 API Base URL: /api/v1","service":"app","timestamp":"2025-11-30 13:57:56"}
{"level":"info","message":"🔌 WebSocket URL: ws://localhost:5000/ws","service":"app","timestamp":"2025-11-30 13:57:56"}
{"level":"info","message":"🌍 Environment: development","service":"app","timestamp":"2025-11-30 13:57:56"}
{"level":"info","message":{"duration":"5ms","ip":"::1","method":"GET","path":"/api/v1/health","status":404},"service":"app","timestamp":"2025-11-30 13:58:11"}
{"level":"info","message":{"duration":"1958ms","ip":"::1","method":"GET","path":"/health","status":200},"service":"app","timestamp":"2025-11-30 13:58:39"}
{"level":"info","message":{"duration":"5ms","ip":"::1","method":"POST","path":"/api/v1/auth/register","status":404},"service":"app","timestamp":"2025-11-30 13:59:00"}
{"level":"info","message":{"duration":"1ms","ip":"::1","method":"POST","path":"/api/v1/auth/register","status":404},"service":"app","timestamp":"2025-11-30 13:59:24"}
{"level":"info","message":"🚀 Starting Security Dashboard Backend...","service":"app","timestamp":"2025-11-30 14:00:18"}
{"level":"warn","message":"⚠️  LDAP connection failed. AD authentication will be disabled.","service":"app","timestamp":"2025-11-30 14:00:20"}
{"level":"info","message":"Initialized 0 connectors","service":"app","timestamp":"2025-11-30 14:00:20"}
{"level":"info","message":"✅ Security tool connectors initialized","service":"app","timestamp":"2025-11-30 14:00:20"}
{"level":"info","message":"WebSocket heartbeat started","service":"app","timestamp":"2025-11-30 14:00:20"}
{"level":"info","message":"WebSocket server initialized","service":"app","timestamp":"2025-11-30 14:00:20"}
{"level":"info","message":"Database triggers setup complete","service":"app","timestamp":"2025-11-30 14:00:20"}
{"level":"info","message":"✅ WebSocket server initialized","service":"app","timestamp":"2025-11-30 14:00:20"}
{"level":"info","message":"✅ Server running on port 5000","service":"app","timestamp":"2025-11-30 14:00:20"}
{"level":"info","message":"📊 API Base URL: /api/v1","service":"app","timestamp":"2025-11-30 14:00:20"}
{"level":"info","message":"🔌 WebSocket URL: ws://localhost:5000/ws","service":"app","timestamp":"2025-11-30 14:00:20"}
{"level":"info","message":"🌍 Environment: development","service":"app","timestamp":"2025-11-30 14:00:20"}
{"level":"info","message":"🚀 Starting Security Dashboard Backend...","service":"app","timestamp":"2025-11-30 14:00:50"}
{"level":"warn","message":"⚠️  LDAP connection failed. AD authentication will be disabled.","service":"app","timestamp":"2025-11-30 14:00:52"}
{"level":"info","message":"Initialized 0 connectors","service":"app","timestamp":"2025-11-30 14:00:52"}
{"level":"info","message":"✅ Security tool connectors initialized","service":"app","timestamp":"2025-11-30 14:00:52"}
{"level":"info","message":"WebSocket heartbeat started","service":"app","timestamp":"2025-11-30 14:00:52"}
{"level":"info","message":"WebSocket server initialized","service":"app","timestamp":"2025-11-30 14:00:52"}
{"level":"info","message":"Database triggers setup complete","service":"app","timestamp":"2025-11-30 14:00:53"}
{"level":"info","message":"✅ WebSocket server initialized","service":"app","timestamp":"2025-11-30 14:00:53"}
{"level":"info","message":"✅ Server running on port 5000","service":"app","timestamp":"2025-11-30 14:00:53"}
{"level":"info","message":"📊 API Base URL: /api/v1","service":"app","timestamp":"2025-11-30 14:00:53"}
{"level":"info","message":"🔌 WebSocket URL: ws://localhost:5000/ws","service":"app","timestamp":"2025-11-30 14:00:53"}
{"level":"info","message":"🌍 Environment: development","service":"app","timestamp":"2025-11-30 14:00:53"}
{"level":"info","message":{"duration":"1977ms","ip":"::1","method":"POST","path":"/register","status":201},"service":"app","timestamp":"2025-11-30 14:02:00"}
{"level":"info","message":{"duration":"1572ms","ip":"::1","method":"POST","path":"/login","status":200},"service":"app","timestamp":"2025-11-30 14:02:25"}
{"level":"info","message":{"duration":"848ms","ip":"::1","method":"GET","path":"/metrics","status":500},"service":"app","timestamp":"2025-11-30 14:02:37"}
{"level":"info","message":{"duration":"1978ms","ip":"::1","method":"GET","path":"/incidents","status":500},"service":"app","timestamp":"2025-11-30 14:02:51"}
{"level":"info","message":{"duration":"637ms","ip":"::1","method":"GET","path":"/me","status":200},"service":"app","timestamp":"2025-11-30 14:03:02"}
{"level":"info","message":"🚀 Starting Security Dashboard Backend...","service":"app","timestamp":"2025-11-30 14:15:13"}
{"level":"warn","message":"⚠️  LDAP connection failed. AD authentication will be disabled.","service":"app","timestamp":"2025-11-30 14:15:16"}
{"level":"info","message":"Initialized 0 connectors","service":"app","timestamp":"2025-11-30 14:15:16"}
{"level":"info","message":"✅ Security tool connectors initialized","service":"app","timestamp":"2025-11-30 14:15:16"}
{"level":"info","message":"WebSocket heartbeat started","service":"app","timestamp":"2025-11-30 14:15:16"}
{"level":"info","message":"WebSocket server initialized","service":"app","timestamp":"2025-11-30 14:15:16"}
{"level":"info","message":"Database triggers setup complete","service":"app","timestamp":"2025-11-30 14:15:17"}
{"level":"info","message":"✅ WebSocket server initialized","service":"app","timestamp":"2025-11-30 14:15:17"}
{"level":"info","message":"✅ Server running on port 5000","service":"app","timestamp":"2025-11-30 14:15:17"}
{"level":"info","message":"📊 API Base URL: /api/v1","service":"app","timestamp":"2025-11-30 14:15:17"}
{"level":"info","message":"🔌 WebSocket URL: ws://localhost:5000/ws","service":"app","timestamp":"2025-11-30 14:15:17"}
{"level":"info","message":"🌍 Environment: development","service":"app","timestamp":"2025-11-30 14:15:17"}
{"level":"info","message":"SIGINT received. Shutting down gracefully...","service":"app","timestamp":"2025-11-30 14:15:50"}
{"level":"info","message":"🚀 Starting Security Dashboard Backend...","service":"app","timestamp":"2025-11-30 14:17:19"}
{"level":"warn","message":"⚠️  LDAP connection failed. AD authentication will be disabled.","service":"app","timestamp":"2025-11-30 14:17:21"}
{"level":"info","message":"Initialized 0 connectors","service":"app","timestamp":"2025-11-30 14:17:21"}
{"level":"info","message":"✅ Security tool connectors initialized","service":"app","timestamp":"2025-11-30 14:17:21"}
{"level":"info","message":"WebSocket heartbeat started","service":"app","timestamp":"2025-11-30 14:17:21"}
{"level":"info","message":"WebSocket server initialized","service":"app","timestamp":"2025-11-30 14:17:21"}
{"level":"info","message":"Database triggers setup complete","service":"app","timestamp":"2025-11-30 14:17:21"}
{"level":"info","message":"✅ WebSocket server initialized","service":"app","timestamp":"2025-11-30 14:17:21"}
{"level":"info","message":"✅ Server running on port 5000","service":"app","timestamp":"2025-11-30 14:17:21"}
{"level":"info","message":"📊 API Base URL: /api/v1","service":"app","timestamp":"2025-11-30 14:17:21"}
{"level":"info","message":"🔌 WebSocket URL: ws://localhost:5000/ws","service":"app","timestamp":"2025-11-30 14:17:21"}
{"level":"info","message":"🌍 Environment: development","service":"app","timestamp":"2025-11-30 14:17:21"}
{"level":"info","message":{"duration":"2153ms","ip":"::1","method":"POST","path":"/login","status":401},"service":"app","timestamp":"2025-11-30 14:18:24"}
{"level":"info","message":{"duration":"2170ms","ip":"::1","method":"POST","path":"/login","status":401},"service":"app","timestamp":"2025-11-30 14:19:16"}
{"level":"info","message":{"duration":"760ms","ip":"::1","method":"POST","path":"/login","status":401},"service":"app","timestamp":"2025-11-30 14:19:18"}
{"level":"info","message":{"duration":"2767ms","ip":"::1","method":"POST","path":"/login","status":200},"service":"app","timestamp":"2025-11-30 14:20:12"}
{"level":"info","message":{"duration":"2289ms","ip":"::1","method":"POST","path":"/login","status":401},"service":"app","timestamp":"2025-11-30 14:21:34"}
{"level":"info","message":{"duration":"2ms","ip":"::1","method":"POST","path":"/login","status":429},"service":"app","timestamp":"2025-11-30 14:21:35"}
{"level":"info","message":{"duration":"2ms","ip":"::1","method":"POST","path":"/login","status":429},"service":"app","timestamp":"2025-11-30 14:21:36"}
{"level":"info","message":{"duration":"1ms","ip":"::1","method":"GET","path":"/api/v1/health","status":404},"service":"app","timestamp":"2025-11-30 14:22:25"}
{"level":"info","message":{"duration":"1ms","ip":"::1","method":"POST","path":"/login","status":429},"service":"app","timestamp":"2025-11-30 14:22:34"}
{"level":"info","message":"🚀 Starting Security Dashboard Backend...","service":"app","timestamp":"2025-11-30 14:23:50"}
{"level":"warn","message":"⚠️  LDAP connection failed. AD authentication will be disabled.","service":"app","timestamp":"2025-11-30 14:23:52"}
{"level":"info","message":"Initialized 0 connectors","service":"app","timestamp":"2025-11-30 14:23:53"}
{"level":"info","message":"✅ Security tool connectors initialized","service":"app","timestamp":"2025-11-30 14:23:53"}
{"level":"info","message":"WebSocket heartbeat started","service":"app","timestamp":"2025-11-30 14:23:53"}
{"level":"info","message":"WebSocket server initialized","service":"app","timestamp":"2025-11-30 14:23:53"}
{"level":"info","message":"Database triggers setup complete","service":"app","timestamp":"2025-11-30 14:23:53"}
{"level":"info","message":"✅ WebSocket server initialized","service":"app","timestamp":"2025-11-30 14:23:53"}
{"level":"info","message":"✅ Server running on port 5000","service":"app","timestamp":"2025-11-30 14:23:53"}
{"level":"info","message":"📊 API Base URL: /api/v1","service":"app","timestamp":"2025-11-30 14:23:53"}
{"level":"info","message":"🔌 WebSocket URL: ws://localhost:5000/ws","service":"app","timestamp":"2025-11-30 14:23:53"}
{"level":"info","message":"🌍 Environment: development","service":"app","timestamp":"2025-11-30 14:23:53"}
{"level":"info","message":"🚀 Starting Security Dashboard Backend...","service":"app","timestamp":"2025-11-30 14:30:24"}
{"level":"warn","message":"⚠️  LDAP connection failed. AD authentication will be disabled.","service":"app","timestamp":"2025-11-30 14:30:26"}
{"level":"info","message":"Initialized 0 connectors","service":"app","timestamp":"2025-11-30 14:30:27"}
{"level":"info","message":"✅ Security tool connectors initialized","service":"app","timestamp":"2025-11-30 14:30:27"}
{"level":"info","message":"WebSocket heartbeat started","service":"app","timestamp":"2025-11-30 14:30:27"}
{"level":"info","message":"WebSocket server initialized","service":"app","timestamp":"2025-11-30 14:30:27"}
{"level":"info","message":"Database triggers setup complete","service":"app","timestamp":"2025-11-30 14:30:27"}
{"level":"info","message":"✅ WebSocket server initialized","service":"app","timestamp":"2025-11-30 14:30:27"}
{"level":"info","message":"✅ Server running on port 5000","service":"app","timestamp":"2025-11-30 14:30:27"}
{"level":"info","message":"📊 API Base URL: /api/v1","service":"app","timestamp":"2025-11-30 14:30:27"}
{"level":"info","message":"🔌 WebSocket URL: ws://localhost:5000/ws","service":"app","timestamp":"2025-11-30 14:30:27"}
{"level":"info","message":"🌍 Environment: development","service":"app","timestamp":"2025-11-30 14:30:27"}
{"level":"info","message":"🚀 Starting Security Dashboard Backend...","service":"app","timestamp":"2025-11-30 14:32:33"}
{"level":"warn","message":"⚠️  LDAP connection failed. AD authentication will be disabled.","service":"app","timestamp":"2025-11-30 14:32:35"}
{"level":"info","message":"Initialized 0 connectors","service":"app","timestamp":"2025-11-30 14:32:35"}
{"level":"info","message":"✅ Security tool connectors initialized","service":"app","timestamp":"2025-11-30 14:32:35"}
{"level":"info","message":"WebSocket heartbeat started","service":"app","timestamp":"2025-11-30 14:32:35"}
{"level":"info","message":"WebSocket server initialized","service":"app","timestamp":"2025-11-30 14:32:35"}
{"level":"info","message":"Database triggers setup complete","service":"app","timestamp":"2025-11-30 14:32:36"}
{"level":"info","message":"✅ WebSocket server initialized","service":"app","timestamp":"2025-11-30 14:32:36"}
{"level":"info","message":"✅ Server running on port 5000","service":"app","timestamp":"2025-11-30 14:32:36"}
{"level":"info","message":"📊 API Base URL: /api/v1","service":"app","timestamp":"2025-11-30 14:32:36"}
{"level":"info","message":"🔌 WebSocket URL: ws://localhost:5000/ws","service":"app","timestamp":"2025-11-30 14:32:36"}
{"level":"info","message":"🌍 Environment: development","service":"app","timestamp":"2025-11-30 14:32:36"}
{"level":"info","message":"🚀 Starting Security Dashboard Backend...","service":"app","timestamp":"2025-11-30 14:34:28"}
{"level":"warn","message":"⚠️  LDAP connection failed. AD authentication will be disabled.","service":"app","timestamp":"2025-11-30 14:34:30"}
{"level":"info","message":"Initialized 0 connectors","service":"app","timestamp":"2025-11-30 14:34:31"}
{"level":"info","message":"✅ Security tool connectors initialized","service":"app","timestamp":"2025-11-30 14:34:31"}
{"level":"info","message":"WebSocket heartbeat started","service":"app","timestamp":"2025-11-30 14:34:31"}
{"level":"info","message":"WebSocket server initialized","service":"app","timestamp":"2025-11-30 14:34:31"}
{"level":"info","message":"Database triggers setup complete","service":"app","timestamp":"2025-11-30 14:34:31"}
{"level":"info","message":"✅ WebSocket server initialized","service":"app","timestamp":"2025-11-30 14:34:31"}
{"level":"info","message":"✅ Server running on port 5000","service":"app","timestamp":"2025-11-30 14:34:31"}
{"level":"info","message":"📊 API Base URL: /api/v1","service":"app","timestamp":"2025-11-30 14:34:31"}
{"level":"info","message":"🔌 WebSocket URL: ws://localhost:5000/ws","service":"app","timestamp":"2025-11-30 14:34:31"}
{"level":"info","message":"🌍 Environment: development","service":"app","timestamp":"2025-11-30 14:34:31"}
{"level":"info","message":"SIGINT received. Shutting down gracefully...","service":"app","timestamp":"2025-11-30 14:35:16"}
{"level":"info","message":"🚀 Starting Security Dashboard Backend...","service":"app","timestamp":"2025-11-30 14:36:04"}
{"level":"warn","message":"⚠️  LDAP connection failed. AD authentication will be disabled.","service":"app","timestamp":"2025-11-30 14:36:06"}
{"level":"info","message":"Initialized 0 connectors","service":"app","timestamp":"2025-11-30 14:36:06"}
{"level":"info","message":"✅ Security tool connectors initialized","service":"app","timestamp":"2025-11-30 14:36:06"}
{"level":"info","message":"WebSocket heartbeat started","service":"app","timestamp":"2025-11-30 14:36:06"}
{"level":"info","message":"WebSocket server initialized","service":"app","timestamp":"2025-11-30 14:36:06"}
{"level":"info","message":"Database triggers setup complete","service":"app","timestamp":"2025-11-30 14:36:06"}
{"level":"info","message":"✅ WebSocket server initialized","service":"app","timestamp":"2025-11-30 14:36:06"}
{"level":"info","message":"✅ Server running on port 5000","service":"app","timestamp":"2025-11-30 14:36:06"}
{"level":"info","message":"📊 API Base URL: /api/v1","service":"app","timestamp":"2025-11-30 14:36:06"}
{"level":"info","message":"🔌 WebSocket URL: ws://localhost:5000/ws","service":"app","timestamp":"2025-11-30 14:36:06"}
{"level":"info","message":"🌍 Environment: development","service":"app","timestamp":"2025-11-30 14:36:06"}
{"level":"info","message":{"duration":"2387ms","ip":"::1","method":"POST","path":"/login","status":401},"service":"app","timestamp":"2025-11-30 14:36:13"}
{"level":"info","message":{"duration":"231ms","ip":"::1","method":"POST","path":"/register","status":500},"service":"app","timestamp":"2025-11-30 14:36:28"}
{"level":"info","message":{"duration":"1034ms","ip":"::1","method":"POST","path":"/login","status":401},"service":"app","timestamp":"2025-11-30 14:36:45"}
{"level":"info","message":{"duration":"6494ms","ip":"::1","method":"POST","path":"/login","status":200},"service":"app","timestamp":"2025-11-30 14:37:01"}
{"level":"info","message":{"duration":"539ms","ip":"::1","method":"POST","path":"/register","status":201},"service":"app","timestamp":"2025-11-30 14:37:14"}
{"level":"info","message":{"duration":"1599ms","ip":"::1","method":"POST","path":"/login","status":200},"service":"app","timestamp":"2025-11-30 14:37:31"}
{"level":"info","message":"🚀 Starting Security Dashboard Backend...","service":"app","timestamp":"2025-11-30 14:39:42"}
{"level":"warn","message":"⚠️  LDAP connection failed. AD authentication will be disabled.","service":"app","timestamp":"2025-11-30 14:39:43"}
{"level":"info","message":"Initialized 0 connectors","service":"app","timestamp":"2025-11-30 14:39:44"}
{"level":"info","message":"✅ Security tool connectors initialized","service":"app","timestamp":"2025-11-30 14:39:44"}
{"level":"info","message":"WebSocket heartbeat started","service":"app","timestamp":"2025-11-30 14:39:44"}
{"level":"info","message":"WebSocket server initialized","service":"app","timestamp":"2025-11-30 14:39:44"}
{"level":"info","message":"Database triggers setup complete","service":"app","timestamp":"2025-11-30 14:39:44"}
{"level":"info","message":"🚀 Starting Security Dashboard Backend...","service":"app","timestamp":"2025-11-30 14:41:36"}
{"level":"warn","message":"⚠️  LDAP connection failed. AD authentication will be disabled.","service":"app","timestamp":"2025-11-30 14:41:38"}
{"level":"info","message":"Initialized 0 connectors","service":"app","timestamp":"2025-11-30 14:41:39"}
{"level":"info","message":"✅ Security tool connectors initialized","service":"app","timestamp":"2025-11-30 14:41:39"}
{"level":"info","message":"WebSocket heartbeat started","service":"app","timestamp":"2025-11-30 14:41:39"}
{"level":"info","message":"WebSocket server initialized","service":"app","timestamp":"2025-11-30 14:41:39"}
{"level":"info","message":"Database triggers setup complete","service":"app","timestamp":"2025-11-30 14:41:39"}
{"level":"info","message":"✅ WebSocket server initialized","service":"app","timestamp":"2025-11-30 14:41:39"}
{"level":"info","message":"✅ Server running on port 5000","service":"app","timestamp":"2025-11-30 14:41:39"}
{"level":"info","message":"📊 API Base URL: /api/v1","service":"app","timestamp":"2025-11-30 14:41:39"}
{"level":"info","message":"🔌 WebSocket URL: ws://localhost:5000/ws","service":"app","timestamp":"2025-11-30 14:41:39"}
{"level":"info","message":"🌍 Environment: development","service":"app","timestamp":"2025-11-30 14:41:39"}
{"level":"info","message":{"duration":"2804ms","ip":"::1","method":"POST","path":"/login","status":200},"service":"app","timestamp":"2025-11-30 14:43:44"}
{"level":"info","message":{"duration":"1431ms","ip":"::1","method":"POST","path":"/login","status":200},"service":"app","timestamp":"2025-11-30 14:46:56"}
{"level":"info","message":"🚀 Starting Security Dashboard Backend...","service":"app","timestamp":"2025-11-30 14:51:41"}
{"level":"warn","message":"⚠️  LDAP connection failed. AD authentication will be disabled.","service":"app","timestamp":"2025-11-30 14:51:43"}
{"level":"info","message":"Initialized 0 connectors","service":"app","timestamp":"2025-11-30 14:51:43"}
{"level":"info","message":"✅ Security tool connectors initialized","service":"app","timestamp":"2025-11-30 14:51:43"}
{"level":"info","message":"WebSocket heartbeat started","service":"app","timestamp":"2025-11-30 14:51:43"}
{"level":"info","message":"WebSocket server initialized","service":"app","timestamp":"2025-11-30 14:51:43"}
{"level":"info","message":"Database triggers setup complete","service":"app","timestamp":"2025-11-30 14:51:44"}
{"level":"info","message":"✅ WebSocket server initialized","service":"app","timestamp":"2025-11-30 14:51:44"}
{"level":"info","message":"✅ Server running on port 5000","service":"app","timestamp":"2025-11-30 14:51:44"}
{"level":"info","message":"📊 API Base URL: /api/v1","service":"app","timestamp":"2025-11-30 14:51:44"}
{"level":"info","message":"🔌 WebSocket URL: ws://localhost:5000/ws","service":"app","timestamp":"2025-11-30 14:51:44"}
{"level":"info","message":"🌍 Environment: development","service":"app","timestamp":"2025-11-30 14:51:44"}
{"level":"info","message":"🚀 Starting Security Dashboard Backend...","service":"app","timestamp":"2026-01-27 17:40:03"}
{"level":"warn","message":"⚠️  Redis connection failed. Caching will be disabled.","service":"app","timestamp":"2026-01-27 17:40:14"}
{"level":"warn","message":"⚠️  LDAP connection failed. AD authentication will be disabled.","service":"app","timestamp":"2026-01-27 17:40:14"}
{"level":"info","message":"Initialized 0 connectors","service":"app","timestamp":"2026-01-27 17:40:14"}
{"level":"info","message":"✅ Security tool connectors initialized","service":"app","timestamp":"2026-01-27 17:40:14"}
{"level":"info","message":"WebSocket heartbeat started","service":"app","timestamp":"2026-01-27 17:40:14"}
{"level":"info","message":"WebSocket server initialized","service":"app","timestamp":"2026-01-27 17:40:14"}
{"level":"info","message":"Database triggers setup complete","service":"app","timestamp":"2026-01-27 17:40:14"}
{"level":"info","message":"✅ WebSocket server initialized","service":"app","timestamp":"2026-01-27 17:40:14"}
{"level":"info","message":"✅ Server running on port 5000","service":"app","timestamp":"2026-01-27 17:40:14"}
{"level":"info","message":"📊 API Base URL: /api/v1","service":"app","timestamp":"2026-01-27 17:40:14"}
{"level":"info","message":"🔌 WebSocket URL: ws://localhost:5000/ws","service":"app","timestamp":"2026-01-27 17:40:14"}
{"level":"info","message":"🌍 Environment: development","service":"app","timestamp":"2026-01-27 17:40:14"}
{"level":"info","message":"SIGINT received. Shutting down gracefully...","service":"app","timestamp":"2026-01-27 17:40:24"}
{"level":"info","message":"🚀 Starting Security Dashboard Backend...","service":"app","timestamp":"2026-01-27 17:40:42"}
{"level":"warn","message":"⚠️  Redis connection failed. Caching will be disabled.","service":"app","timestamp":"2026-01-27 17:41:43"}
{"level":"warn","message":"⚠️  LDAP connection failed. AD authentication will be disabled.","service":"app","timestamp":"2026-01-27 17:41:43"}
{"level":"info","message":"Initialized 0 connectors","service":"app","timestamp":"2026-01-27 17:41:44"}
{"level":"info","message":"✅ Security tool connectors initialized","service":"app","timestamp":"2026-01-27 17:41:44"}
{"level":"info","message":"WebSocket heartbeat started","service":"app","timestamp":"2026-01-27 17:41:44"}
{"level":"info","message":"WebSocket server initialized","service":"app","timestamp":"2026-01-27 17:41:44"}
{"level":"info","message":"Database triggers setup complete","service":"app","timestamp":"2026-01-27 17:41:44"}
{"level":"info","message":"✅ WebSocket server initialized","service":"app","timestamp":"2026-01-27 17:41:44"}
{"level":"info","message":"✅ Server running on port 5000","service":"app","timestamp":"2026-01-27 17:41:44"}
{"level":"info","message":"📊 API Base URL: /api/v1","service":"app","timestamp":"2026-01-27 17:41:44"}
{"level":"info","message":"🔌 WebSocket URL: ws://localhost:5000/ws","service":"app","timestamp":"2026-01-27 17:41:44"}
{"level":"info","message":"🌍 Environment: development","service":"app","timestamp":"2026-01-27 17:41:44"}
{"level":"info","message":"🚀 Starting Security Dashboard Backend...","service":"app","timestamp":"2026-01-27 17:42:03"}
{"level":"warn","message":"⚠️  LDAP connection failed. AD authentication will be disabled.","service":"app","timestamp":"2026-01-27 17:42:04"}
{"level":"info","message":"Initialized 0 connectors","service":"app","timestamp":"2026-01-27 17:42:05"}
{"level":"info","message":"✅ Security tool connectors initialized","service":"app","timestamp":"2026-01-27 17:42:05"}
{"level":"info","message":"WebSocket heartbeat started","service":"app","timestamp":"2026-01-27 17:42:05"}
{"level":"info","message":"WebSocket server initialized","service":"app","timestamp":"2026-01-27 17:42:05"}
{"level":"info","message":"Database triggers setup complete","service":"app","timestamp":"2026-01-27 17:42:05"}
{"level":"info","message":"✅ WebSocket server initialized","service":"app","timestamp":"2026-01-27 17:42:05"}
{"level":"info","message":"✅ Server running on port 5000","service":"app","timestamp":"2026-01-27 17:42:05"}
{"level":"info","message":"📊 API Base URL: /api/v1","service":"app","timestamp":"2026-01-27 17:42:05"}
{"level":"info","message":"🔌 WebSocket URL: ws://localhost:5000/ws","service":"app","timestamp":"2026-01-27 17:42:05"}
{"level":"info","message":"🌍 Environment: development","service":"app","timestamp":"2026-01-27 17:42:05"}
{"level":"info","message":"SIGINT received. Shutting down gracefully...","service":"app","timestamp":"2026-01-27 17:42:42"}
{"level":"info","message":"🚀 Starting Security Dashboard Backend...","service":"app","timestamp":"2026-01-27 17:43:00"}
{"level":"warn","message":"⚠️  LDAP connection failed. AD authentication will be disabled.","service":"app","timestamp":"2026-01-27 17:43:02"}
{"level":"info","message":"Initialized 0 connectors","service":"app","timestamp":"2026-01-27 17:43:02"}
{"level":"info","message":"✅ Security tool connectors initialized","service":"app","timestamp":"2026-01-27 17:43:02"}
{"level":"info","message":"WebSocket heartbeat started","service":"app","timestamp":"2026-01-27 17:43:02"}
{"level":"info","message":"WebSocket server initialized","service":"app","timestamp":"2026-01-27 17:43:02"}
{"level":"info","message":"Database triggers setup complete","service":"app","timestamp":"2026-01-27 17:43:02"}
{"level":"info","message":"✅ WebSocket server initialized","service":"app","timestamp":"2026-01-27 17:43:02"}
{"level":"info","message":"✅ Server running on port 5000","service":"app","timestamp":"2026-01-27 17:43:02"}
{"level":"info","message":"📊 API Base URL: /api/v1","service":"app","timestamp":"2026-01-27 17:43:02"}
{"level":"info","message":"🔌 WebSocket URL: ws://localhost:5000/ws","service":"app","timestamp":"2026-01-27 17:43:02"}
{"level":"info","message":"🌍 Environment: development","service":"app","timestamp":"2026-01-27 17:43:02"}
{"level":"info","message":{"duration":"2048ms","ip":"::1","method":"POST","path":"/login","status":401},"service":"app","timestamp":"2026-01-27 17:44:29"}
{"level":"info","message":{"duration":"2ms","ip":"::1","method":"GET","path":"/metrics","status":401},"service":"app","timestamp":"2026-01-27 17:44:29"}
{"level":"info","message":{"duration":"3ms","ip":"::1","method":"GET","path":"/incidents","status":401},"service":"app","timestamp":"2026-01-27 17:44:29"}
{"level":"info","message":{"duration":"2ms","ip":"::1","method":"GET","path":"/metrics","status":401},"service":"app","timestamp":"2026-01-27 17:44:29"}
{"level":"info","message":{"duration":"2ms","ip":"::1","method":"GET","path":"/incidents","status":401},"service":"app","timestamp":"2026-01-27 17:44:29"}
{"level":"info","message":{"duration":"2ms","ip":"::1","method":"GET","path":"/","status":401},"service":"app","timestamp":"2026-01-27 17:44:48"}
{"level":"info","message":{"duration":"7ms","ip":"::1","method":"GET","path":"/","status":401},"service":"app","timestamp":"2026-01-27 17:44:48"}
{"level":"info","message":{"duration":"2ms","ip":"::1","method":"GET","path":"/","status":401},"service":"app","timestamp":"2026-01-27 17:44:48"}
{"level":"info","message":{"duration":"2ms","ip":"::1","method":"GET","path":"/coverage","status":401},"service":"app","timestamp":"2026-01-27 17:44:48"}
{"level":"info","message":{"duration":"2ms","ip":"::1","method":"GET","path":"/coverage","status":401},"service":"app","timestamp":"2026-01-27 17:44:48"}
{"level":"info","message":{"duration":"2ms","ip":"::1","method":"GET","path":"/","status":401},"service":"app","timestamp":"2026-01-27 17:44:48"}
{"level":"info","message":{"duration":"2ms","ip":"::1","method":"GET","path":"/","status":401},"service":"app","timestamp":"2026-01-27 17:45:03"}
{"level":"info","message":{"duration":"3ms","ip":"::1","method":"GET","path":"/","status":401},"service":"app","timestamp":"2026-01-27 17:45:03"}
{"level":"info","message":{"duration":"2ms","ip":"::1","method":"GET","path":"/coverage","status":401},"service":"app","timestamp":"2026-01-27 17:45:03"}
{"level":"info","message":{"duration":"1ms","ip":"::1","method":"GET","path":"/","status":401},"service":"app","timestamp":"2026-01-27 17:45:04"}
{"level":"info","message":{"duration":"2ms","ip":"::1","method":"GET","path":"/","status":401},"service":"app","timestamp":"2026-01-27 17:45:04"}
{"level":"info","message":{"duration":"0ms","ip":"::1","method":"GET","path":"/coverage","status":401},"service":"app","timestamp":"2026-01-27 17:45:04"}
{"level":"info","message":{"duration":"1ms","ip":"::1","method":"GET","path":"/","status":401},"service":"app","timestamp":"2026-01-27 17:45:30"}
{"level":"info","message":{"duration":"2ms","ip":"::1","method":"GET","path":"/","status":404},"service":"app","timestamp":"2026-01-27 17:45:35"}
{"level":"info","message":{"duration":"1ms","ip":"::1","method":"GET","path":"/","status":401},"service":"app","timestamp":"2026-01-27 17:45:45"}
{"level":"info","message":{"duration":"2ms","ip":"::1","method":"GET","path":"/","status":401},"service":"app","timestamp":"2026-01-27 17:45:45"}
{"level":"info","message":{"duration":"1ms","ip":"::1","method":"GET","path":"/coverage","status":401},"service":"app","timestamp":"2026-01-27 17:45:45"}
{"level":"info","message":{"duration":"1ms","ip":"::1","method":"GET","path":"/","status":401},"service":"app","timestamp":"2026-01-27 17:46:45"}
{"level":"info","message":{"duration":"1ms","ip":"::1","method":"GET","path":"/","status":401},"service":"app","timestamp":"2026-01-27 17:46:45"}
{"level":"info","message":{"duration":"1ms","ip":"::1","method":"GET","path":"/coverage","status":401},"service":"app","timestamp":"2026-01-27 17:46:45"}
{"level":"info","message":"🚀 Starting Security Dashboard Backend...","service":"app","timestamp":"2026-01-27 17:48:53"}
{"level":"warn","message":"⚠️  LDAP connection failed. AD authentication will be disabled.","service":"app","timestamp":"2026-01-27 17:48:55"}
{"level":"info","message":"Initialized 0 connectors","service":"app","timestamp":"2026-01-27 17:48:55"}
{"level":"info","message":"✅ Security tool connectors initialized","service":"app","timestamp":"2026-01-27 17:48:55"}
{"level":"info","message":"WebSocket heartbeat started","service":"app","timestamp":"2026-01-27 17:48:55"}
{"level":"info","message":"WebSocket server initialized","service":"app","timestamp":"2026-01-27 17:48:55"}
{"level":"info","message":"Database triggers setup complete","service":"app","timestamp":"2026-01-27 17:48:55"}
{"level":"info","message":"✅ WebSocket server initialized","service":"app","timestamp":"2026-01-27 17:48:55"}
{"level":"info","message":"✅ Server running on port 5000","service":"app","timestamp":"2026-01-27 17:48:55"}
{"level":"info","message":"📊 API Base URL: /api/v1","service":"app","timestamp":"2026-01-27 17:48:55"}
{"level":"info","message":"🔌 WebSocket URL: ws://localhost:5000/ws","service":"app","timestamp":"2026-01-27 17:48:55"}
{"level":"info","message":"🌍 Environment: development","service":"app","timestamp":"2026-01-27 17:48:55"}
{"level":"info","message":{"duration":"1682ms","ip":"::1","method":"GET","path":"/public","status":500},"service":"app","timestamp":"2026-01-27 17:49:09"}
{"level":"info","message":"🚀 Starting Security Dashboard Backend...","service":"app","timestamp":"2026-01-27 17:49:42"}
{"level":"warn","message":"⚠️  LDAP connection failed. AD authentication will be disabled.","service":"app","timestamp":"2026-01-27 17:49:43"}
{"level":"info","message":"Initialized 0 connectors","service":"app","timestamp":"2026-01-27 17:49:43"}
{"level":"info","message":"✅ Security tool connectors initialized","service":"app","timestamp":"2026-01-27 17:49:43"}
{"level":"info","message":"WebSocket heartbeat started","service":"app","timestamp":"2026-01-27 17:49:43"}
{"level":"info","message":"WebSocket server initialized","service":"app","timestamp":"2026-01-27 17:49:43"}
{"level":"info","message":"Database triggers setup complete","service":"app","timestamp":"2026-01-27 17:49:44"}
{"level":"info","message":"✅ WebSocket server initialized","service":"app","timestamp":"2026-01-27 17:49:44"}
{"level":"info","message":"✅ Server running on port 5000","service":"app","timestamp":"2026-01-27 17:49:44"}
{"level":"info","message":"📊 API Base URL: /api/v1","service":"app","timestamp":"2026-01-27 17:49:44"}
{"level":"info","message":"🔌 WebSocket URL: ws://localhost:5000/ws","service":"app","timestamp":"2026-01-27 17:49:44"}
{"level":"info","message":"🌍 Environment: development","service":"app","timestamp":"2026-01-27 17:49:44"}
{"level":"info","message":{"duration":"1709ms","ip":"::1","method":"GET","path":"/public","status":200},"service":"app","timestamp":"2026-01-27 17:49:46"}
{"level":"info","message":"🚀 Starting Security Dashboard Backend...","service":"app","timestamp":"2026-01-27 17:56:06"}
{"level":"warn","message":"⚠️  LDAP connection failed. AD authentication will be disabled.","service":"app","timestamp":"2026-01-27 17:56:08"}
{"level":"info","message":"Initialized 0 connectors","service":"app","timestamp":"2026-01-27 17:56:08"}
{"level":"info","message":"✅ Security tool connectors initialized","service":"app","timestamp":"2026-01-27 17:56:08"}
{"level":"info","message":"WebSocket heartbeat started","service":"app","timestamp":"2026-01-27 17:56:08"}
{"level":"info","message":"WebSocket server initialized","service":"app","timestamp":"2026-01-27 17:56:08"}
{"level":"info","message":"Database triggers setup complete","service":"app","timestamp":"2026-01-27 17:56:09"}
{"level":"info","message":"✅ WebSocket server initialized","service":"app","timestamp":"2026-01-27 17:56:09"}
{"level":"info","message":"✅ Server running on port 5000","service":"app","timestamp":"2026-01-27 17:56:09"}
{"level":"info","message":"📊 API Base URL: /api/v1","service":"app","timestamp":"2026-01-27 17:56:09"}
{"level":"info","message":"🔌 WebSocket URL: ws://localhost:5000/ws","service":"app","timestamp":"2026-01-27 17:56:09"}
{"level":"info","message":"🌍 Environment: development","service":"app","timestamp":"2026-01-27 17:56:09"}
{"level":"info","message":"AD sync triggered via API","service":"app","timestamp":"2026-01-27 17:56:40"}
{"level":"info","message":"Starting Active Directory sync...","service":"app","timestamp":"2026-01-27 17:56:40"}
{"level":"warn","message":"No output from PowerShell AD query","service":"app","timestamp":"2026-01-27 17:56:41"}
{"level":"info","message":{"duration":"338ms","ip":"::1","method":"POST","path":"/sync","status":200},"service":"app","timestamp":"2026-01-27 17:56:41"}
{"level":"info","message":"🚀 Starting Security Dashboard Backend...","service":"app","timestamp":"2026-01-27 17:57:18"}
{"level":"warn","message":"⚠️  LDAP connection failed. AD authentication will be disabled.","service":"app","timestamp":"2026-01-27 17:57:20"}
{"level":"info","message":"Initialized 0 connectors","service":"app","timestamp":"2026-01-27 17:57:20"}
{"level":"info","message":"✅ Security tool connectors initialized","service":"app","timestamp":"2026-01-27 17:57:20"}
{"level":"info","message":"WebSocket heartbeat started","service":"app","timestamp":"2026-01-27 17:57:20"}
{"level":"info","message":"WebSocket server initialized","service":"app","timestamp":"2026-01-27 17:57:20"}
{"level":"info","message":"Database triggers setup complete","service":"app","timestamp":"2026-01-27 17:57:20"}
{"level":"info","message":"✅ WebSocket server initialized","service":"app","timestamp":"2026-01-27 17:57:20"}
{"level":"info","message":"✅ Server running on port 5000","service":"app","timestamp":"2026-01-27 17:57:20"}
{"level":"info","message":"📊 API Base URL: /api/v1","service":"app","timestamp":"2026-01-27 17:57:20"}
{"level":"info","message":"🔌 WebSocket URL: ws://localhost:5000/ws","service":"app","timestamp":"2026-01-27 17:57:20"}
{"level":"info","message":"🌍 Environment: development","service":"app","timestamp":"2026-01-27 17:57:20"}
{"level":"info","message":"AD sync triggered via API","service":"app","timestamp":"2026-01-27 17:57:32"}
{"level":"info","message":"Starting Active Directory sync...","service":"app","timestamp":"2026-01-27 17:57:32"}
{"level":"warn","message":"No output from PowerShell AD query","service":"app","timestamp":"2026-01-27 17:57:32"}
{"level":"info","message":{"duration":"298ms","ip":"::1","method":"POST","path":"/sync","status":200},"service":"app","timestamp":"2026-01-27 17:57:32"}
{"level":"info","message":"🚀 Starting Security Dashboard Backend...","service":"app","timestamp":"2026-01-27 17:58:18"}
{"level":"warn","message":"⚠️  LDAP connection failed. AD authentication will be disabled.","service":"app","timestamp":"2026-01-27 17:58:20"}
{"level":"info","message":"Initialized 0 connectors","service":"app","timestamp":"2026-01-27 17:58:20"}
{"level":"info","message":"✅ Security tool connectors initialized","service":"app","timestamp":"2026-01-27 17:58:20"}
{"level":"info","message":"WebSocket heartbeat started","service":"app","timestamp":"2026-01-27 17:58:20"}
{"level":"info","message":"WebSocket server initialized","service":"app","timestamp":"2026-01-27 17:58:20"}
{"level":"info","message":"Database triggers setup complete","service":"app","timestamp":"2026-01-27 17:58:21"}
{"level":"info","message":"✅ WebSocket server initialized","service":"app","timestamp":"2026-01-27 17:58:21"}
{"level":"info","message":"✅ Server running on port 5000","service":"app","timestamp":"2026-01-27 17:58:21"}
{"level":"info","message":"📊 API Base URL: /api/v1","service":"app","timestamp":"2026-01-27 17:58:21"}
{"level":"info","message":"🔌 WebSocket URL: ws://localhost:5000/ws","service":"app","timestamp":"2026-01-27 17:58:21"}
{"level":"info","message":"🌍 Environment: development","service":"app","timestamp":"2026-01-27 17:58:21"}
{"level":"info","message":"AD sync triggered via API","service":"app","timestamp":"2026-01-27 17:58:36"}
{"level":"info","message":"Starting Active Directory sync...","service":"app","timestamp":"2026-01-27 17:58:36"}
{"level":"info","message":"Running Python AD scanner...","service":"app","timestamp":"2026-01-27 17:58:36"}
{"0":"C","1":"o","10":"i","100":"l","101":"y","102":"\\","103":"a","104":"s","105":"s","106":"e","107":"t","108":"-","109":"p","11":"l","110":"o","111":"p","112":"u","113":"l","114":"a","115":"t","116":"i","117":"o","118":"n","119":"\\","12":"e","120":"A","121":"s","122":"s","123":"e","124":"t","125":"_","126":"S","127":"c","128":"a","129":"n","13":"d","130":"n","131":"e","132":"r","133":".","134":"p","135":"y","136":"\"","137":" ","138":"-","139":"-","14":":","140":"d","141":"o","142":"m","143":"a","144":"i","145":"n","146":" ","147":"m","148":"e","149":"e","15":" ","150":"z","151":"a","152":"n","153":".","154":"l","155":"o","156":"c","157":"a","158":"l","159":" ","16":"p","160":"-","161":"-","162":"d","163":"c","164":"-","165":"i","166":"p","167":" ","168":"1","169":"9","17":"y","170":"2","171":".","172":"1","173":"6","174":"8","175":".","176":"5","177":"6","178":".","179":"5","18":"t","180":"0","181":" ","182":"-","183":"-","184":"u","185":"s","186":"e","187":"r","188":"n","189":"a","19":"h","190":"m","191":"e","192":" ","193":"\"","194":"A","195":"d","196":"m","197":"i","198":"n","199":"i","2":"m","20":"o","200":"s","201":"t","202":"r","203":"a","204":"t","205":"o","206":"r","207":"\"","208":" ","209":"-","21":"n","210":"-","211":"p","212":"a","213":"s","214":"s","215":"w","216":"o","217":"r","218":"d","219":" ","22":" ","220":"\"","221":"P","222":"a","223":"s","224":"s","225":"w","226":"o","227":"r","228":"d","229":"1","23":"\"","230":"2","231":"3","232":"\"","233":" ","234":"-","235":"-","236":"o","237":"u","238":"t","239":"p","24":"C","240":"u","241":"t","242":" ","243":"\"","244":"C","245":":","246":"\\","247":"U","248":"s","249":"e","25":":","250":"r","251":"s","252":"\\","253":"h","254":"a","255":"r","256":"y","257":"p","258":"\\","259":"D","26":"\\","260":"e","261":"s","262":"k","263":"t","264":"o","265":"p","266":"\\","267":"F","268":"I","269":"N","27":"U","270":"A","271":"L","272":" ","273":"Y","274":"E","275":"A","276":"R","277":" ","278":"P","279":"R","28":"s","280":"O","281":"J","282":"E","283":"C","284":"T","285":"\\","286":"s","287":"e","288":"c","289":"u","29":"e","290":"r","291":"i","292":"t","293":"y","294":"-","295":"d","296":"a","297":"s","298":"h","299":"b","3":"m","30":"r","300":"o","301":"a","302":"r","303":"d","304":"-","305":"m","306":"v","307":"p","308":"-","309":"e","31":"s","310":"x","311":"e","312":"c","313":"-","314":"f","315":"r","316":"i","317":"e","318":"n","319":"d","32":"\\","320":"l","321":"y","322":"\\","323":"a","324":"s","325":"s","326":"e","327":"t","328":"-","329":"p","33":"h","330":"o","331":"p","332":"u","333":"l","334":"a","335":"t","336":"i","337":"o","338":"n","339":"\\","34":"a","340":"a","341":"d","342":"_","343":"s","344":"y","345":"n","346":"c","347":"_","348":"o","349":"u","35":"r","350":"t","351":"p","352":"u","353":"t","354":".","355":"j","356":"s","357":"o","358":"n","359":"\"","36":"y","360":"\n","37":"p","38":"\\","39":"D","4":"a","40":"e","41":"s","42":"k","43":"t","44":"o","45":"p","46":"\\","47":"F","48":"I","49":"N","5":"n","50":"A","51":"L","52":" ","53":"Y","54":"E","55":"A","56":"R","57":" ","58":"P","59":"R","6":"d","60":"O","61":"J","62":"E","63":"C","64":"T","65":"\\","66":"s","67":"e","68":"c","69":"u","7":" ","70":"r","71":"i","72":"t","73":"y","74":"-","75":"d","76":"a","77":"s","78":"h","79":"b","8":"f","80":"o","81":"a","82":"r","83":"d","84":"-","85":"m","86":"v","87":"p","88":"-","89":"e","9":"a","90":"x","91":"e","92":"c","93":"-","94":"f","95":"r","96":"i","97":"e","98":"n","99":"d","level":"error","message":"Failed to run Python AD scanner:","service":"app","timestamp":"2026-01-27 17:58:59"}
{"level":"error","message":"AD Sync failed: AD Scanner failed: Command failed: python \"C:\\Users\\haryp\\Desktop\\FINAL YEAR PROJECT\\security-dashboard-mvp-exec-friendly\\asset-population\\Asset_Scanner.py\" --domain meezan.local --dc-ip 192.168.56.50 --username \"Administrator\" --password \"Password123\" --output \"C:\\Users\\haryp\\Desktop\\FINAL YEAR PROJECT\\security-dashboard-mvp-exec-friendly\\asset-population\\ad_sync_output.json\"\n","service":"app","stack":"Error: AD Scanner failed: Command failed: python \"C:\\Users\\haryp\\Desktop\\FINAL YEAR PROJECT\\security-dashboard-mvp-exec-friendly\\asset-population\\Asset_Scanner.py\" --domain meezan.local --dc-ip 192.168.56.50 --username \"Administrator\" --password \"Password123\" --output \"C:\\Users\\haryp\\Desktop\\FINAL YEAR PROJECT\\security-dashboard-mvp-exec-friendly\\asset-population\\ad_sync_output.json\"\n\n    at ADSyncService.getComputersFromAD (C:\\Users\\haryp\\Desktop\\FINAL YEAR PROJECT\\security-dashboard-mvp-exec-friendly\\backend\\src\\services\\ad-sync.service.ts:110:13)\n    at processTicksAndRejections (node:internal/process/task_queues:95:5)\n    at async ADSyncService.syncFromAD (C:\\Users\\haryp\\Desktop\\FINAL YEAR PROJECT\\security-dashboard-mvp-exec-friendly\\backend\\src\\services\\ad-sync.service.ts:36:25)\n    at async C:\\Users\\haryp\\Desktop\\FINAL YEAR PROJECT\\security-dashboard-mvp-exec-friendly\\backend\\src\\routes\\ad-sync.routes.ts:13:20","timestamp":"2026-01-27 17:58:59"}
{"level":"info","message":{"duration":"22465ms","ip":"::1","method":"POST","path":"/sync","status":200},"service":"app","timestamp":"2026-01-27 17:58:59"}
{"level":"info","message":"🚀 Starting Security Dashboard Backend...","service":"app","timestamp":"2026-01-27 17:59:41"}
{"level":"warn","message":"⚠️  LDAP connection failed. AD authentication will be disabled.","service":"app","timestamp":"2026-01-27 17:59:43"}
{"level":"info","message":"Initialized 0 connectors","service":"app","timestamp":"2026-01-27 17:59:43"}
{"level":"info","message":"✅ Security tool connectors initialized","service":"app","timestamp":"2026-01-27 17:59:43"}
{"level":"info","message":"WebSocket heartbeat started","service":"app","timestamp":"2026-01-27 17:59:43"}
{"level":"info","message":"WebSocket server initialized","service":"app","timestamp":"2026-01-27 17:59:43"}
{"level":"info","message":"Database triggers setup complete","service":"app","timestamp":"2026-01-27 17:59:44"}
{"level":"info","message":"✅ WebSocket server initialized","service":"app","timestamp":"2026-01-27 17:59:44"}
{"level":"info","message":"✅ Server running on port 5000","service":"app","timestamp":"2026-01-27 17:59:44"}
{"level":"info","message":"📊 API Base URL: /api/v1","service":"app","timestamp":"2026-01-27 17:59:44"}
{"level":"info","message":"🔌 WebSocket URL: ws://localhost:5000/ws","service":"app","timestamp":"2026-01-27 17:59:44"}
{"level":"info","message":"🌍 Environment: development","service":"app","timestamp":"2026-01-27 17:59:44"}
{"level":"info","message":"AD sync triggered via API","service":"app","timestamp":"2026-01-27 17:59:46"}
{"level":"info","message":"Starting Active Directory sync...","service":"app","timestamp":"2026-01-27 17:59:46"}
{"level":"info","message":"Running Python AD scanner from: C:\\Users\\haryp\\Desktop\\FINAL YEAR PROJECT\\security-dashboard-mvp-exec-friendly\\asset-population\\Asset_Scanner.py","service":"app","timestamp":"2026-01-27 17:59:46"}
{"0":"C","1":"o","10":"i","100":"l","101":"y","102":"\\","103":"a","104":"s","105":"s","106":"e","107":"t","108":"-","109":"p","11":"l","110":"o","111":"p","112":"u","113":"l","114":"a","115":"t","116":"i","117":"o","118":"n","119":"\\","12":"e","120":"A","121":"s","122":"s","123":"e","124":"t","125":"_","126":"S","127":"c","128":"a","129":"n","13":"d","130":"n","131":"e","132":"r","133":".","134":"p","135":"y","136":"\"","137":" ","138":"-","139":"-","14":":","140":"d","141":"o","142":"m","143":"a","144":"i","145":"n","146":" ","147":"m","148":"e","149":"e","15":" ","150":"z","151":"a","152":"n","153":".","154":"l","155":"o","156":"c","157":"a","158":"l","159":" ","16":"p","160":"-","161":"-","162":"d","163":"c","164":"-","165":"i","166":"p","167":" ","168":"1","169":"9","17":"y","170":"2","171":".","172":"1","173":"6","174":"8","175":".","176":"5","177":"6","178":".","179":"5","18":"t","180":"0","181":" ","182":"-","183":"-","184":"u","185":"s","186":"e","187":"r","188":"n","189":"a","19":"h","190":"m","191":"e","192":" ","193":"\"","194":"A","195":"d","196":"m","197":"i","198":"n","199":"i","2":"m","20":"o","200":"s","201":"t","202":"r","203":"a","204":"t","205":"o","206":"r","207":"\"","208":" ","209":"-","21":"n","210":"-","211":"p","212":"a","213":"s","214":"s","215":"w","216":"o","217":"r","218":"d","219":" ","22":" ","220":"\"","221":"P","222":"a","223":"s","224":"s","225":"w","226":"o","227":"r","228":"d","229":"1","23":"\"","230":"2","231":"3","232":"\"","233":" ","234":"-","235":"-","236":"o","237":"u","238":"t","239":"p","24":"C","240":"u","241":"t","242":" ","243":"\"","244":"C","245":":","246":"\\","247":"U","248":"s","249":"e","25":":","250":"r","251":"s","252":"\\","253":"h","254":"a","255":"r","256":"y","257":"p","258":"\\","259":"D","26":"\\","260":"e","261":"s","262":"k","263":"t","264":"o","265":"p","266":"\\","267":"F","268":"I","269":"N","27":"U","270":"A","271":"L","272":" ","273":"Y","274":"E","275":"A","276":"R","277":" ","278":"P","279":"R","28":"s","280":"O","281":"J","282":"E","283":"C","284":"T","285":"\\","286":"s","287":"e","288":"c","289":"u","29":"e","290":"r","291":"i","292":"t","293":"y","294":"-","295":"d","296":"a","297":"s","298":"h","299":"b","3":"m","30":"r","300":"o","301":"a","302":"r","303":"d","304":"-","305":"m","306":"v","307":"p","308":"-","309":"e","31":"s","310":"x","311":"e","312":"c","313":"-","314":"f","315":"r","316":"i","317":"e","318":"n","319":"d","32":"\\","320":"l","321":"y","322":"\\","323":"a","324":"s","325":"s","326":"e","327":"t","328":"-","329":"p","33":"h","330":"o","331":"p","332":"u","333":"l","334":"a","335":"t","336":"i","337":"o","338":"n","339":"\\","34":"a","340":"a","341":"d","342":"_","343":"s","344":"y","345":"n","346":"c","347":"_","348":"o","349":"u","35":"r","350":"t","351":"p","352":"u","353":"t","354":".","355":"j","356":"s","357":"o","358":"n","359":"\"","36":"y","360":"\n","37":"p","38":"\\","39":"D","4":"a","40":"e","41":"s","42":"k","43":"t","44":"o","45":"p","46":"\\","47":"F","48":"I","49":"N","5":"n","50":"A","51":"L","52":" ","53":"Y","54":"E","55":"A","56":"R","57":" ","58":"P","59":"R","6":"d","60":"O","61":"J","62":"E","63":"C","64":"T","65":"\\","66":"s","67":"e","68":"c","69":"u","7":" ","70":"r","71":"i","72":"t","73":"y","74":"-","75":"d","76":"a","77":"s","78":"h","79":"b","8":"f","80":"o","81":"a","82":"r","83":"d","84":"-","85":"m","86":"v","87":"p","88":"-","89":"e","9":"a","90":"x","91":"e","92":"c","93":"-","94":"f","95":"r","96":"i","97":"e","98":"n","99":"d","level":"error","message":"Failed to run Python AD scanner:","service":"app","timestamp":"2026-01-27 18:00:08"}
{"0":"2","1":"0","10":" ","100":"9","1000":"e","1001":"s","1002":"u","1003":"l","1004":"t","1005":"s","1006":" ","1007":"s","1008":"a","1009":"v","101":":","1010":"e","1011":"d","1012":" ","1013":"t","1014":"o","1015":":","1016":" ","1017":"C","1018":":","1019":"\\","102":"4","1020":"U","1021":"s","1022":"e","1023":"r","1024":"s","1025":"\\","1026":"h","1027":"a","1028":"r","1029":"y","103":"7","1030":"p","1031":"\\","1032":"D","1033":"e","1034":"s","1035":"k","1036":"t","1037":"o","1038":"p","1039":"\\","104":",","1040":"F","1041":"I","1042":"N","1043":"A","1044":"L","1045":" ","1046":"Y","1047":"E","1048":"A","1049":"R","105":"7","1050":" ","1051":"P","1052":"R","1053":"O","1054":"J","1055":"E","1056":"C","1057":"T","1058":"\\","1059":"s","106":"1","1060":"e","1061":"c","1062":"u","1063":"r","1064":"i","1065":"t","1066":"y","1067":"-","1068":"d","1069":"a","107":"7","1070":"s","1071":"h","1072":"b","1073":"o","1074":"a","1075":"r","1076":"d","1077":"-","1078":"m","1079":"v","108":" ","1080":"p","1081":"-","1082":"e","1083":"x","1084":"e","1085":"c","1086":"-","1087":"f","1088":"r","1089":"i","109":"-","1090":"e","1091":"n","1092":"d","1093":"l","1094":"y","1095":"\\","1096":"a","1097":"s","1098":"s","1099":"e","11":"1","110":" ","1100":"t","1101":"-","1102":"p","1103":"o","1104":"p","1105":"u","1106":"l","1107":"a","1108":"t","1109":"i","111":"I","1110":"o","1111":"n","1112":"\\","1113":"a","1114":"d","1115":"_","1116":"s","1117":"y","1118":"n","1119":"c","112":"N","1120":"_","1121":"o","1122":"u","1123":"t","1124":"p","1125":"u","1126":"t","1127":".","1128":"j","1129":"s","113":"F","1130":"o","1131":"n","1132":"\r","1133":"\n","1134":"2","1135":"0","1136":"2","1137":"6","1138":"-","1139":"0","114":"O","1140":"1","1141":"-","1142":"2","1143":"7","1144":" ","1145":"1","1146":"8","1147":":","1148":"0","1149":"0","115":" ","1150":":","1151":"0","1152":"8","1153":",","1154":"7","1155":"2","1156":"3","1157":" ","1158":"-","1159":" ","116":"-","1160":"W","1161":"A","1162":"R","1163":"N","1164":"I","1165":"N","1166":"G","1167":" ","1168":"-","1169":" ","117":" ","1170":"N","1171":"o","1172":" ","1173":"a","1174":"s","1175":"s","1176":"e","1177":"t","1178":"s","1179":" ","118":"D","1180":"w","1181":"e","1182":"r","1183":"e","1184":" ","1185":"s","1186":"c","1187":"a","1188":"n","1189":"n","119":"o","1190":"e","1191":"d","1192":"\r","1193":"\n","12":"7","120":"m","121":"a","122":"i","123":"n","124":" ","125":"C","126":"o","127":"n","128":"t","129":"r","13":":","130":"o","131":"l","132":"l","133":"e","134":"r","135":":","136":" ","137":"1","138":"9","139":"2","14":"5","140":".","141":"1","142":"6","143":"8","144":".","145":"5","146":"6","147":".","148":"5","149":"0","15":"9","150":"\r","151":"\n","152":"2","153":"0","154":"2","155":"6","156":"-","157":"0","158":"1","159":"-","16":":","160":"2","161":"7","162":" ","163":"1","164":"7","165":":","166":"5","167":"9","168":":","169":"4","17":"4","170":"7","171":",","172":"7","173":"1","174":"7","175":" ","176":"-","177":" ","178":"I","179":"N","18":"7","180":"F","181":"O","182":" ","183":"-","184":" ","185":"B","186":"a","187":"s","188":"e","189":" ","19":",","190":"D","191":"N","192":":","193":" ","194":"D","195":"C","196":"=","197":"m","198":"e","199":"e","2":"2","20":"7","200":"z","201":"a","202":"n","203":",","204":"D","205":"C","206":"=","207":"l","208":"o","209":"c","21":"1","210":"a","211":"l","212":"\r","213":"\n","214":"2","215":"0","216":"2","217":"6","218":"-","219":"0","22":"7","220":"1","221":"-","222":"2","223":"7","224":" ","225":"1","226":"7","227":":","228":"5","229":"9","23":" ","230":":","231":"4","232":"7","233":",","234":"7","235":"1","236":"7","237":" ","238":"-","239":" ","24":"-","240":"I","241":"N","242":"F","243":"O","244":" ","245":"-","246":" ","247":"S","248":"t","249":"a","25":" ","250":"r","251":"t","252":"i","253":"n","254":"g","255":" ","256":"f","257":"u","258":"l","259":"l","26":"I","260":" ","261":"a","262":"s","263":"s","264":"e","265":"t","266":" ","267":"s","268":"c","269":"a","27":"N","270":"n","271":".","272":".","273":".","274":"\r","275":"\n","276":"2","277":"0","278":"2","279":"6","28":"F","280":"-","281":"0","282":"1","283":"-","284":"2","285":"7","286":" ","287":"1","288":"7","289":":","29":"O","290":"5","291":"9","292":":","293":"4","294":"7","295":",","296":"7","297":"1","298":"7","299":" ","3":"6","30":" ","300":"-","301":" ","302":"I","303":"N","304":"F","305":"O","306":" ","307":"-","308":" ","309":"C","31":"-","310":"o","311":"n","312":"n","313":"e","314":"c","315":"t","316":"i","317":"n","318":"g","319":" ","32":" ","320":"t","321":"o","322":" ","323":"L","324":"D","325":"A","326":"P","327":" ","328":"s","329":"e","33":"A","330":"r","331":"v","332":"e","333":"r","334":" ","335":"a","336":"t","337":" ","338":"1","339":"9","34":"s","340":"2","341":".","342":"1","343":"6","344":"8","345":".","346":"5","347":"6","348":".","349":"5","35":"s","350":"0","351":":","352":"3","353":"8","354":"9","355":"\r","356":"\n","357":"2","358":"0","359":"2","36":"e","360":"6","361":"-","362":"0","363":"1","364":"-","365":"2","366":"7","367":" ","368":"1","369":"8","37":"t","370":":","371":"0","372":"0","373":":","374":"0","375":"8","376":",","377":"7","378":"2","379":"2","38":" ","380":" ","381":"-","382":" ","383":"E","384":"R","385":"R","386":"O","387":"R","388":" ","389":"-","39":"S","390":" ","391":"L","392":"D","393":"A","394":"P","395":" ","396":"c","397":"o","398":"n","399":"n","4":"-","40":"c","400":"e","401":"c","402":"t","403":"i","404":"o","405":"n","406":" ","407":"f","408":"a","409":"i","41":"a","410":"l","411":"e","412":"d","413":":","414":" ","415":"s","416":"o","417":"c","418":"k","419":"e","42":"n","420":"t","421":" ","422":"c","423":"o","424":"n","425":"n","426":"e","427":"c","428":"t","429":"i","43":"n","430":"o","431":"n","432":" ","433":"e","434":"r","435":"r","436":"o","437":"r","438":" ","439":"w","44":"e","440":"h","441":"i","442":"l","443":"e","444":" ","445":"o","446":"p","447":"e","448":"n","449":"i","45":"r","450":"n","451":"g","452":":","453":" ","454":"[","455":"W","456":"i","457":"n","458":"E","459":"r","46":" ","460":"r","461":"o","462":"r","463":" ","464":"1","465":"0","466":"0","467":"6","468":"0","469":"]","47":"i","470":" ","471":"A","472":" ","473":"c","474":"o","475":"n","476":"n","477":"e","478":"c","479":"t","48":"n","480":"i","481":"o","482":"n","483":" ","484":"a","485":"t","486":"t","487":"e","488":"m","489":"p","49":"i","490":"t","491":" ","492":"f","493":"a","494":"i","495":"l","496":"e","497":"d","498":" ","499":"b","5":"0","50":"t","500":"e","501":"c","502":"a","503":"u","504":"s","505":"e","506":" ","507":"t","508":"h","509":"e","51":"i","510":" ","511":"c","512":"o","513":"n","514":"n","515":"e","516":"c","517":"t","518":"e","519":"d","52":"a","520":" ","521":"p","522":"a","523":"r","524":"t","525":"y","526":" ","527":"d","528":"i","529":"d","53":"l","530":" ","531":"n","532":"o","533":"t","534":" ","535":"p","536":"r","537":"o","538":"p","539":"e","54":"i","540":"r","541":"l","542":"y","543":" ","544":"r","545":"e","546":"s","547":"p","548":"o","549":"n","55":"z","550":"d","551":" ","552":"a","553":"f","554":"t","555":"e","556":"r","557":" ","558":"a","559":" ","56":"e","560":"p","561":"e","562":"r","563":"i","564":"o","565":"d","566":" ","567":"o","568":"f","569":" ","57":"d","570":"t","571":"i","572":"m","573":"e","574":",","575":" ","576":"o","577":"r","578":" ","579":"e","58":" ","580":"s","581":"t","582":"a","583":"b","584":"l","585":"i","586":"s","587":"h","588":"e","589":"d","59":"f","590":" ","591":"c","592":"o","593":"n","594":"n","595":"e","596":"c","597":"t","598":"i","599":"o","6":"1","60":"o","600":"n","601":" ","602":"f","603":"a","604":"i","605":"l","606":"e","607":"d","608":" ","609":"b","61":"r","610":"e","611":"c","612":"a","613":"u","614":"s","615":"e","616":" ","617":"c","618":"o","619":"n","62":" ","620":"n","621":"e","622":"c","623":"t","624":"e","625":"d","626":" ","627":"h","628":"o","629":"s","63":"d","630":"t","631":" ","632":"h","633":"a","634":"s","635":" ","636":"f","637":"a","638":"i","639":"l","64":"o","640":"e","641":"d","642":" ","643":"t","644":"o","645":" ","646":"r","647":"e","648":"s","649":"p","65":"m","650":"o","651":"n","652":"d","653":"\r","654":"\n","655":"2","656":"0","657":"2","658":"6","659":"-","66":"a","660":"0","661":"1","662":"-","663":"2","664":"7","665":" ","666":"1","667":"8","668":":","669":"0","67":"i","670":"0","671":":","672":"0","673":"8","674":",","675":"7","676":"2","677":"2","678":" ","679":"-","68":"n","680":" ","681":"E","682":"R","683":"R","684":"O","685":"R","686":" ","687":"-","688":" ","689":"F","69":":","690":"a","691":"i","692":"l","693":"e","694":"d","695":" ","696":"t","697":"o","698":" ","699":"r","7":"-","70":" ","700":"e","701":"t","702":"r","703":"i","704":"e","705":"v","706":"e","707":" ","708":"A","709":"D","71":"m","710":" ","711":"c","712":"o","713":"m","714":"p","715":"u","716":"t","717":"e","718":"r","719":"s","72":"e","720":":","721":" ","722":"s","723":"o","724":"c","725":"k","726":"e","727":"t","728":" ","729":"c","73":"e","730":"o","731":"n","732":"n","733":"e","734":"c","735":"t","736":"i","737":"o","738":"n","739":" ","74":"z","740":"e","741":"r","742":"r","743":"o","744":"r","745":" ","746":"w","747":"h","748":"i","749":"l","75":"a","750":"e","751":" ","752":"o","753":"p","754":"e","755":"n","756":"i","757":"n","758":"g","759":":","76":"n","760":" ","761":"[","762":"W","763":"i","764":"n","765":"E","766":"r","767":"r","768":"o","769":"r","77":".","770":" ","771":"1","772":"0","773":"0","774":"6","775":"0","776":"]","777":" ","778":"A","779":" ","78":"l","780":"c","781":"o","782":"n","783":"n","784":"e","785":"c","786":"t","787":"i","788":"o","789":"n","79":"o","790":" ","791":"a","792":"t","793":"t","794":"e","795":"m","796":"p","797":"t","798":" ","799":"f","8":"2","80":"c","800":"a","801":"i","802":"l","803":"e","804":"d","805":" ","806":"b","807":"e","808":"c","809":"a","81":"a","810":"u","811":"s","812":"e","813":" ","814":"t","815":"h","816":"e","817":" ","818":"c","819":"o","82":"l","820":"n","821":"n","822":"e","823":"c","824":"t","825":"e","826":"d","827":" ","828":"p","829":"a","83":"\r","830":"r","831":"t","832":"y","833":" ","834":"d","835":"i","836":"d","837":" ","838":"n","839":"o","84":"\n","840":"t","841":" ","842":"p","843":"r","844":"o","845":"p","846":"e","847":"r","848":"l","849":"y","85":"2","850":" ","851":"r","852":"e","853":"s","854":"p","855":"o","856":"n","857":"d","858":" ","859":"a","86":"0","860":"f","861":"t","862":"e","863":"r","864":" ","865":"a","866":" ","867":"p","868":"e","869":"r","87":"2","870":"i","871":"o","872":"d","873":" ","874":"o","875":"f","876":" ","877":"t","878":"i","879":"m","88":"6","880":"e","881":",","882":" ","883":"o","884":"r","885":" ","886":"e","887":"s","888":"t","889":"a","89":"-","890":"b","891":"l","892":"i","893":"s","894":"h","895":"e","896":"d","897":" ","898":"c","899":"o","9":"7","90":"0","900":"n","901":"n","902":"e","903":"c","904":"t","905":"i","906":"o","907":"n","908":" ","909":"f","91":"1","910":"a","911":"i","912":"l","913":"e","914":"d","915":" ","916":"b","917":"e","918":"c","919":"a","92":"-","920":"u","921":"s","922":"e","923":" ","924":"c","925":"o","926":"n","927":"n","928":"e","929":"c","93":"2","930":"t","931":"e","932":"d","933":" ","934":"h","935":"o","936":"s","937":"t","938":" ","939":"h","94":"7","940":"a","941":"s","942":" ","943":"f","944":"a","945":"i","946":"l","947":"e","948":"d","949":" ","95":" ","950":"t","951":"o","952":" ","953":"r","954":"e","955":"s","956":"p","957":"o","958":"n","959":"d","96":"1","960":"\r","961":"\n","962":"[","963":"]","964":"\r","965":"\n","966":"2","967":"0","968":"2","969":"6","97":"7","970":"-","971":"0","972":"1","973":"-","974":"2","975":"7","976":" ","977":"1","978":"8","979":":","98":":","980":"0","981":"0","982":":","983":"0","984":"8","985":",","986":"7","987":"2","988":"3","989":" ","99":"5","990":"-","991":" ","992":"I","993":"N","994":"F","995":"O","996":" ","997":"-","998":" ","999":"R","level":"info","message":"Scanner stdout:","service":"app","timestamp":"2026-01-27 18:00:08"}
{"level":"error","message":"AD Sync failed: AD Scanner failed: Command failed: python \"C:\\Users\\haryp\\Desktop\\FINAL YEAR PROJECT\\security-dashboard-mvp-exec-friendly\\asset-population\\Asset_Scanner.py\" --domain meezan.local --dc-ip 192.168.56.50 --username \"Administrator\" --password \"Password123\" --output \"C:\\Users\\haryp\\Desktop\\FINAL YEAR PROJECT\\security-dashboard-mvp-exec-friendly\\asset-population\\ad_sync_output.json\"\n","service":"app","stack":"Error: AD Scanner failed: Command failed: python \"C:\\Users\\haryp\\Desktop\\FINAL YEAR PROJECT\\security-dashboard-mvp-exec-friendly\\asset-population\\Asset_Scanner.py\" --domain meezan.local --dc-ip 192.168.56.50 --username \"Administrator\" --password \"Password123\" --output \"C:\\Users\\haryp\\Desktop\\FINAL YEAR PROJECT\\security-dashboard-mvp-exec-friendly\\asset-population\\ad_sync_output.json\"\n\n    at ADSyncService.getComputersFromAD (C:\\Users\\haryp\\Desktop\\FINAL YEAR PROJECT\\security-dashboard-mvp-exec-friendly\\backend\\src\\services\\ad-sync.service.ts:123:13)\n    at processTicksAndRejections (node:internal/process/task_queues:95:5)\n    at async ADSyncService.syncFromAD (C:\\Users\\haryp\\Desktop\\FINAL YEAR PROJECT\\security-dashboard-mvp-exec-friendly\\backend\\src\\services\\ad-sync.service.ts:36:25)\n    at async C:\\Users\\haryp\\Desktop\\FINAL YEAR PROJECT\\security-dashboard-mvp-exec-friendly\\backend\\src\\routes\\ad-sync.routes.ts:13:20","timestamp":"2026-01-27 18:00:08"}
{"level":"info","message":{"duration":"22145ms","ip":"::1","method":"POST","path":"/sync","status":200},"service":"app","timestamp":"2026-01-27 18:00:08"}
{"level":"info","message":"AD sync triggered via API","service":"app","timestamp":"2026-01-27 18:03:13"}
{"level":"info","message":"Starting Active Directory sync...","service":"app","timestamp":"2026-01-27 18:03:13"}
{"level":"info","message":"Running Python AD scanner from: C:\\Users\\haryp\\Desktop\\FINAL YEAR PROJECT\\security-dashboard-mvp-exec-friendly\\asset-population\\Asset_Scanner.py","service":"app","timestamp":"2026-01-27 18:03:13"}
{"level":"info","message":"Python scanner completed","service":"app","timestamp":"2026-01-27 18:03:27"}
{"level":"info","message":"Python scanner found 1 computers","service":"app","timestamp":"2026-01-27 18:03:27"}
{"level":"info","message":"Found 1 computers in Active Directory","service":"app","timestamp":"2026-01-27 18:03:27"}
{"level":"info","message":"Imported asset: LAPPY","service":"app","timestamp":"2026-01-27 18:03:29"}
{"level":"info","message":"AD Sync complete. Imported 1 assets","service":"app","timestamp":"2026-01-27 18:03:29"}
{"level":"info","message":{"duration":"15181ms","ip":"::1","method":"POST","path":"/sync","status":200},"service":"app","timestamp":"2026-01-27 18:03:29"}
{"level":"info","message":"🚀 Starting Security Dashboard Backend...","service":"app","timestamp":"2026-01-27 18:04:16"}
{"level":"warn","message":"⚠️  LDAP connection failed. AD authentication will be disabled.","service":"app","timestamp":"2026-01-27 18:04:17"}
{"level":"info","message":"Initialized 0 connectors","service":"app","timestamp":"2026-01-27 18:04:18"}
{"level":"info","message":"✅ Security tool connectors initialized","service":"app","timestamp":"2026-01-27 18:04:18"}
{"level":"info","message":"WebSocket heartbeat started","service":"app","timestamp":"2026-01-27 18:04:18"}
{"level":"info","message":"WebSocket server initialized","service":"app","timestamp":"2026-01-27 18:04:18"}
{"level":"info","message":"Database triggers setup complete","service":"app","timestamp":"2026-01-27 18:04:18"}
{"level":"info","message":"✅ WebSocket server initialized","service":"app","timestamp":"2026-01-27 18:04:18"}
{"level":"info","message":"✅ Server running on port 5000","service":"app","timestamp":"2026-01-27 18:04:18"}
{"level":"info","message":"📊 API Base URL: /api/v1","service":"app","timestamp":"2026-01-27 18:04:18"}
{"level":"info","message":"🔌 WebSocket URL: ws://localhost:5000/ws","service":"app","timestamp":"2026-01-27 18:04:18"}
{"level":"info","message":"🌍 Environment: development","service":"app","timestamp":"2026-01-27 18:04:18"}
{"level":"info","message":{"duration":"1967ms","ip":"::1","method":"POST","path":"/login","status":401},"service":"app","timestamp":"2026-01-27 18:04:47"}
{"level":"info","message":{"duration":"2ms","ip":"::1","method":"GET","path":"/metrics","status":401},"service":"app","timestamp":"2026-01-27 18:04:47"}
{"level":"info","message":{"duration":"2ms","ip":"::1","method":"GET","path":"/metrics","status":401},"service":"app","timestamp":"2026-01-27 18:04:47"}
{"level":"info","message":{"duration":"1ms","ip":"::1","method":"GET","path":"/incidents","status":401},"service":"app","timestamp":"2026-01-27 18:04:47"}
{"level":"info","message":{"duration":"1ms","ip":"::1","method":"GET","path":"/incidents","status":401},"service":"app","timestamp":"2026-01-27 18:04:47"}
{"level":"info","message":{"duration":"1ms","ip":"::1","method":"GET","path":"/metrics","status":401},"service":"app","timestamp":"2026-01-27 18:04:50"}
{"level":"info","message":{"duration":"1ms","ip":"::1","method":"GET","path":"/incidents","status":401},"service":"app","timestamp":"2026-01-27 18:04:50"}
{"level":"info","message":{"duration":"630ms","ip":"::1","method":"POST","path":"/login","status":401},"service":"app","timestamp":"2026-01-27 18:08:34"}
{"level":"info","message":{"duration":"1ms","ip":"::1","method":"GET","path":"/metrics","status":401},"service":"app","timestamp":"2026-01-27 18:08:34"}
{"level":"info","message":{"duration":"2ms","ip":"::1","method":"GET","path":"/incidents","status":401},"service":"app","timestamp":"2026-01-27 18:08:34"}
{"level":"info","message":{"duration":"1ms","ip":"::1","method":"GET","path":"/incidents","status":401},"service":"app","timestamp":"2026-01-27 18:08:34"}
{"level":"info","message":{"duration":"2ms","ip":"::1","method":"GET","path":"/metrics","status":401},"service":"app","timestamp":"2026-01-27 18:08:34"}
{"level":"info","message":{"duration":"1ms","ip":"::1","method":"GET","path":"/metrics","status":401},"service":"app","timestamp":"2026-01-27 18:08:35"}
{"level":"info","message":{"duration":"0ms","ip":"::1","method":"GET","path":"/incidents","status":401},"service":"app","timestamp":"2026-01-27 18:08:35"}
{"level":"info","message":{"duration":"1ms","ip":"::1","method":"GET","path":"/metrics","status":401},"service":"app","timestamp":"2026-01-27 18:08:36"}
{"level":"info","message":{"duration":"1ms","ip":"::1","method":"GET","path":"/incidents","status":401},"service":"app","timestamp":"2026-01-27 18:08:36"}
{"level":"info","message":{"duration":"1ms","ip":"::1","method":"GET","path":"/metrics","status":401},"service":"app","timestamp":"2026-01-27 18:08:36"}
{"level":"info","message":{"duration":"1ms","ip":"::1","method":"GET","path":"/incidents","status":401},"service":"app","timestamp":"2026-01-27 18:08:36"}
{"level":"info","message":{"duration":"1ms","ip":"::1","method":"GET","path":"/metrics","status":401},"service":"app","timestamp":"2026-01-27 18:08:37"}
{"level":"info","message":{"duration":"1ms","ip":"::1","method":"GET","path":"/incidents","status":401},"service":"app","timestamp":"2026-01-27 18:08:37"}
{"level":"info","message":{"duration":"0ms","ip":"::1","method":"GET","path":"/metrics","status":401},"service":"app","timestamp":"2026-01-27 18:08:37"}
{"level":"info","message":{"duration":"1ms","ip":"::1","method":"GET","path":"/incidents","status":401},"service":"app","timestamp":"2026-01-27 18:08:37"}
{"level":"info","message":{"duration":"1ms","ip":"::1","method":"GET","path":"/metrics","status":401},"service":"app","timestamp":"2026-01-27 18:08:38"}
{"level":"info","message":{"duration":"1ms","ip":"::1","method":"GET","path":"/incidents","status":401},"service":"app","timestamp":"2026-01-27 18:08:38"}
{"level":"info","message":{"duration":"673ms","ip":"::1","method":"GET","path":"/public","status":200},"service":"app","timestamp":"2026-01-27 18:08:44"}
{"level":"info","message":{"duration":"0ms","ip":"::1","method":"GET","path":"/","status":401},"service":"app","timestamp":"2026-01-27 18:08:44"}
{"level":"info","message":{"duration":"1925ms","ip":"::1","method":"GET","path":"/public","status":200},"service":"app","timestamp":"2026-01-27 18:08:45"}
{"level":"info","message":{"duration":"1ms","ip":"::1","method":"GET","path":"/","status":401},"service":"app","timestamp":"2026-01-27 18:08:46"}
{"level":"info","message":"AD sync triggered via API","service":"app","timestamp":"2026-01-27 18:08:50"}
{"level":"info","message":"Starting Active Directory sync...","service":"app","timestamp":"2026-01-27 18:08:50"}
{"level":"info","message":"Running Python AD scanner from: C:\\Users\\haryp\\Desktop\\FINAL YEAR PROJECT\\security-dashboard-mvp-exec-friendly\\asset-population\\Asset_Scanner.py","service":"app","timestamp":"2026-01-27 18:08:51"}
{"level":"info","message":"Python scanner completed","service":"app","timestamp":"2026-01-27 18:09:04"}
{"level":"info","message":"Python scanner found 1 computers","service":"app","timestamp":"2026-01-27 18:09:04"}
{"level":"info","message":"Found 1 computers in Active Directory","service":"app","timestamp":"2026-01-27 18:09:04"}
{"level":"info","message":"Imported asset: LAPPY","service":"app","timestamp":"2026-01-27 18:09:04"}
{"level":"info","message":"AD Sync complete. Imported 1 assets","service":"app","timestamp":"2026-01-27 18:09:04"}
{"level":"info","message":{"duration":"13635ms","ip":"::1","method":"POST","path":"/sync","status":200},"service":"app","timestamp":"2026-01-27 18:09:04"}
{"level":"info","message":{"duration":"417ms","ip":"::1","method":"GET","path":"/public","status":200},"service":"app","timestamp":"2026-01-27 18:09:05"}
{"level":"info","message":{"duration":"1ms","ip":"::1","method":"GET","path":"/","status":401},"service":"app","timestamp":"2026-01-27 18:09:05"}
{"level":"info","message":{"duration":"415ms","ip":"::1","method":"GET","path":"/public","status":200},"service":"app","timestamp":"2026-01-27 18:09:41"}
{"level":"info","message":{"duration":"0ms","ip":"::1","method":"GET","path":"/","status":401},"service":"app","timestamp":"2026-01-27 18:09:41"}
{"level":"info","message":{"duration":"412ms","ip":"::1","method":"GET","path":"/public","status":200},"service":"app","timestamp":"2026-01-27 18:10:25"}
{"level":"info","message":{"duration":"1ms","ip":"::1","method":"GET","path":"/","status":401},"service":"app","timestamp":"2026-01-27 18:10:25"}
{"level":"info","message":{"duration":"422ms","ip":"::1","method":"GET","path":"/public","status":200},"service":"app","timestamp":"2026-01-27 18:11:09"}
{"level":"info","message":{"duration":"0ms","ip":"::1","method":"GET","path":"/","status":401},"service":"app","timestamp":"2026-01-27 18:11:09"}
{"level":"info","message":{"duration":"411ms","ip":"::1","method":"GET","path":"/public","status":200},"service":"app","timestamp":"2026-01-27 18:11:53"}
{"level":"info","message":{"duration":"1ms","ip":"::1","method":"GET","path":"/","status":401},"service":"app","timestamp":"2026-01-27 18:11:53"}
{"level":"info","message":{"duration":"416ms","ip":"::1","method":"GET","path":"/public","status":200},"service":"app","timestamp":"2026-01-27 18:12:29"}
{"level":"info","message":{"duration":"411ms","ip":"::1","method":"GET","path":"/public","status":200},"service":"app","timestamp":"2026-01-27 18:12:37"}
{"level":"info","message":{"duration":"0ms","ip":"::1","method":"GET","path":"/","status":401},"service":"app","timestamp":"2026-01-27 18:12:37"}
{"level":"info","message":{"duration":"411ms","ip":"::1","method":"GET","path":"/public","status":200},"service":"app","timestamp":"2026-01-27 18:13:24"}
{"level":"info","message":{"duration":"1ms","ip":"::1","method":"GET","path":"/","status":401},"service":"app","timestamp":"2026-01-27 18:13:24"}
{"level":"info","message":{"duration":"411ms","ip":"::1","method":"GET","path":"/public","status":200},"service":"app","timestamp":"2026-01-27 18:14:44"}
{"level":"info","message":{"duration":"1ms","ip":"::1","method":"GET","path":"/","status":401},"service":"app","timestamp":"2026-01-27 18:14:44"}
{"level":"info","message":{"duration":"413ms","ip":"::1","method":"GET","path":"/public","status":200},"service":"app","timestamp":"2026-01-27 18:15:44"}
{"level":"info","message":{"duration":"0ms","ip":"::1","method":"GET","path":"/","status":401},"service":"app","timestamp":"2026-01-27 18:15:44"}
{"level":"info","message":{"duration":"410ms","ip":"::1","method":"GET","path":"/public","status":200},"service":"app","timestamp":"2026-01-27 18:16:44"}
{"level":"info","message":{"duration":"0ms","ip":"::1","method":"GET","path":"/","status":401},"service":"app","timestamp":"2026-01-27 18:16:44"}
{"level":"info","message":{"duration":"309ms","ip":"::1","method":"GET","path":"/public","status":200},"service":"app","timestamp":"2026-01-27 18:17:44"}
{"level":"info","message":{"duration":"0ms","ip":"::1","method":"GET","path":"/","status":401},"service":"app","timestamp":"2026-01-27 18:17:44"}
{"level":"info","message":{"duration":"412ms","ip":"::1","method":"GET","path":"/public","status":200},"service":"app","timestamp":"2026-01-27 18:18:44"}
{"level":"info","message":{"duration":"-99ms","ip":"::1","method":"GET","path":"/","status":401},"service":"app","timestamp":"2026-01-27 18:18:44"}
{"level":"info","message":{"duration":"409ms","ip":"::1","method":"GET","path":"/public","status":200},"service":"app","timestamp":"2026-01-27 18:19:43"}
{"level":"info","message":{"duration":"1ms","ip":"::1","method":"GET","path":"/","status":401},"service":"app","timestamp":"2026-01-27 18:19:44"}
{"level":"info","message":{"duration":"409ms","ip":"::1","method":"GET","path":"/public","status":200},"service":"app","timestamp":"2026-01-27 18:20:43"}
{"level":"info","message":{"duration":"1ms","ip":"::1","method":"GET","path":"/","status":401},"service":"app","timestamp":"2026-01-27 18:20:43"}
{"level":"info","message":{"duration":"426ms","ip":"::1","method":"GET","path":"/public","status":200},"service":"app","timestamp":"2026-01-27 18:21:43"}
{"level":"info","message":{"duration":"1ms","ip":"::1","method":"GET","path":"/","status":401},"service":"app","timestamp":"2026-01-27 18:21:43"}
{"level":"info","message":{"duration":"417ms","ip":"::1","method":"GET","path":"/public","status":200},"service":"app","timestamp":"2026-01-27 18:22:43"}
{"level":"info","message":{"duration":"0ms","ip":"::1","method":"GET","path":"/","status":401},"service":"app","timestamp":"2026-01-27 18:22:43"}
{"level":"info","message":{"duration":"409ms","ip":"::1","method":"GET","path":"/public","status":200},"service":"app","timestamp":"2026-01-27 18:23:43"}
{"level":"info","message":{"duration":"0ms","ip":"::1","method":"GET","path":"/","status":401},"service":"app","timestamp":"2026-01-27 18:23:43"}
{"level":"info","message":{"duration":"312ms","ip":"::1","method":"GET","path":"/public","status":200},"service":"app","timestamp":"2026-01-27 18:24:43"}
{"level":"info","message":{"duration":"1ms","ip":"::1","method":"GET","path":"/","status":401},"service":"app","timestamp":"2026-01-27 18:24:43"}
{"level":"info","message":{"duration":"410ms","ip":"::1","method":"GET","path":"/public","status":200},"service":"app","timestamp":"2026-01-27 18:25:43"}
{"level":"info","message":{"duration":"1ms","ip":"::1","method":"GET","path":"/","status":401},"service":"app","timestamp":"2026-01-27 18:25:43"}
{"level":"info","message":{"duration":"411ms","ip":"::1","method":"GET","path":"/public","status":200},"service":"app","timestamp":"2026-01-27 18:26:43"}
{"level":"info","message":{"duration":"1ms","ip":"::1","method":"GET","path":"/","status":401},"service":"app","timestamp":"2026-01-27 18:26:43"}
{"level":"info","message":{"duration":"20203ms","ip":"::1","method":"GET","path":"/public","status":200},"service":"app","timestamp":"2026-01-27 18:28:02"}
{"level":"info","message":{"duration":"1ms","ip":"::1","method":"GET","path":"/","status":401},"service":"app","timestamp":"2026-01-27 18:28:02"}
{"level":"info","message":{"duration":"410ms","ip":"::1","method":"GET","path":"/public","status":200},"service":"app","timestamp":"2026-01-27 18:29:02"}
{"level":"info","message":{"duration":"1ms","ip":"::1","method":"GET","path":"/","status":401},"service":"app","timestamp":"2026-01-27 18:29:02"}
{"level":"info","message":{"duration":"412ms","ip":"::1","method":"GET","path":"/public","status":200},"service":"app","timestamp":"2026-01-27 18:30:47"}
{"level":"info","message":{"duration":"2003ms","ip":"::1","method":"GET","path":"/public","status":500},"service":"app","timestamp":"2026-01-27 18:38:35"}
{"level":"info","message":{"duration":"1ms","ip":"::1","method":"GET","path":"/","status":401},"service":"app","timestamp":"2026-01-27 18:38:35"}
{"level":"info","message":"🚀 Starting Security Dashboard Backend...","service":"app","timestamp":"2026-01-27 18:54:42"}
{"level":"warn","message":"⚠️  LDAP connection failed. AD authentication will be disabled.","service":"app","timestamp":"2026-01-27 18:54:44"}
{"level":"info","message":"Initialized 0 connectors","service":"app","timestamp":"2026-01-27 18:54:45"}
{"level":"info","message":"✅ Security tool connectors initialized","service":"app","timestamp":"2026-01-27 18:54:45"}
{"level":"info","message":"WebSocket heartbeat started","service":"app","timestamp":"2026-01-27 18:54:45"}
{"level":"info","message":"WebSocket server initialized","service":"app","timestamp":"2026-01-27 18:54:45"}
{"level":"info","message":"Database triggers setup complete","service":"app","timestamp":"2026-01-27 18:54:45"}
{"level":"info","message":"✅ WebSocket server initialized","service":"app","timestamp":"2026-01-27 18:54:45"}
{"level":"info","message":"✅ Server running on port 5000","service":"app","timestamp":"2026-01-27 18:54:45"}
{"level":"info","message":"📊 API Base URL: /api/v1","service":"app","timestamp":"2026-01-27 18:54:45"}
{"level":"info","message":"🔌 WebSocket URL: ws://localhost:5000/ws","service":"app","timestamp":"2026-01-27 18:54:45"}
{"level":"info","message":"🌍 Environment: development","service":"app","timestamp":"2026-01-27 18:54:45"}
{"level":"info","message":{"duration":"2255ms","ip":"::1","method":"GET","path":"/public","status":200},"service":"app","timestamp":"2026-01-27 18:55:13"}
{"level":"info","message":{"duration":"5ms","ip":"::1","method":"GET","path":"/","status":401},"service":"app","timestamp":"2026-01-27 18:55:13"}
{"level":"info","message":"🚀 Starting Security Dashboard Backend...","service":"app","timestamp":"2026-01-27 18:55:41"}
{"level":"warn","message":"⚠️  LDAP connection failed. AD authentication will be disabled.","service":"app","timestamp":"2026-01-27 18:55:43"}
{"level":"info","message":"Initialized 0 connectors","service":"app","timestamp":"2026-01-27 18:55:43"}
{"level":"info","message":"✅ Security tool connectors initialized","service":"app","timestamp":"2026-01-27 18:55:43"}
{"level":"info","message":"WebSocket heartbeat started","service":"app","timestamp":"2026-01-27 18:55:43"}
{"level":"info","message":"WebSocket server initialized","service":"app","timestamp":"2026-01-27 18:55:43"}
{"level":"info","message":"Database triggers setup complete","service":"app","timestamp":"2026-01-27 18:55:44"}
{"level":"info","message":"✅ WebSocket server initialized","service":"app","timestamp":"2026-01-27 18:55:44"}
{"level":"info","message":"✅ Server running on port 5000","service":"app","timestamp":"2026-01-27 18:55:44"}
{"level":"info","message":"📊 API Base URL: /api/v1","service":"app","timestamp":"2026-01-27 18:55:44"}
{"level":"info","message":"🔌 WebSocket URL: ws://localhost:5000/ws","service":"app","timestamp":"2026-01-27 18:55:44"}
{"level":"info","message":"🌍 Environment: development","service":"app","timestamp":"2026-01-27 18:55:44"}
{"level":"info","message":"SIGINT received. Shutting down gracefully...","service":"app","timestamp":"2026-01-27 18:55:54"}
{"level":"info","message":"🚀 Starting Security Dashboard Backend...","service":"app","timestamp":"2026-01-27 18:56:03"}
{"level":"warn","message":"⚠️  LDAP connection failed. AD authentication will be disabled.","service":"app","timestamp":"2026-01-27 18:56:04"}
{"level":"info","message":"Initialized 0 connectors","service":"app","timestamp":"2026-01-27 18:56:04"}
{"level":"info","message":"✅ Security tool connectors initialized","service":"app","timestamp":"2026-01-27 18:56:04"}
{"level":"info","message":"WebSocket heartbeat started","service":"app","timestamp":"2026-01-27 18:56:04"}
{"level":"info","message":"WebSocket server initialized","service":"app","timestamp":"2026-01-27 18:56:04"}
{"level":"info","message":"Database triggers setup complete","service":"app","timestamp":"2026-01-27 18:56:05"}
{"level":"info","message":"✅ WebSocket server initialized","service":"app","timestamp":"2026-01-27 18:56:05"}
{"level":"info","message":"✅ Server running on port 5000","service":"app","timestamp":"2026-01-27 18:56:05"}
{"level":"info","message":"📊 API Base URL: /api/v1","service":"app","timestamp":"2026-01-27 18:56:05"}
{"level":"info","message":"🔌 WebSocket URL: ws://localhost:5000/ws","service":"app","timestamp":"2026-01-27 18:56:05"}
{"level":"info","message":"🌍 Environment: development","service":"app","timestamp":"2026-01-27 18:56:05"}
{"level":"info","message":"AD sync triggered via API","service":"app","timestamp":"2026-01-27 18:56:10"}
{"level":"info","message":"Starting Active Directory sync...","service":"app","timestamp":"2026-01-27 18:56:10"}
{"level":"info","message":"Running Python AD scanner from: C:\\Users\\haryp\\Desktop\\FINAL YEAR PROJECT\\security-dashboard-mvp-exec-friendly\\asset-population\\Asset_Scanner.py","service":"app","timestamp":"2026-01-27 18:56:10"}
{"level":"info","message":{"duration":"1628ms","ip":"::1","method":"GET","path":"/public","status":200},"service":"app","timestamp":"2026-01-27 18:56:13"}
{"level":"info","message":{"duration":"1ms","ip":"::1","method":"GET","path":"/","status":401},"service":"app","timestamp":"2026-01-27 18:56:13"}
{"level":"info","message":{"duration":"207ms","ip":"::1","method":"GET","path":"/health","status":200},"service":"app","timestamp":"2026-01-27 18:56:15"}
{"level":"info","message":"Python scanner completed","service":"app","timestamp":"2026-01-27 18:56:25"}
{"level":"info","message":"Python scanner found 1 computers","service":"app","timestamp":"2026-01-27 18:56:25"}
{"level":"info","message":"Found 1 computers in Active Directory","service":"app","timestamp":"2026-01-27 18:56:25"}
{"level":"info","message":"Imported asset: LAPPY","service":"app","timestamp":"2026-01-27 18:56:25"}
{"level":"info","message":"AD Sync complete. Imported 1 assets","service":"app","timestamp":"2026-01-27 18:56:25"}
{"level":"info","message":"🚀 Starting Security Dashboard Backend...","service":"app","timestamp":"2026-01-27 18:56:26"}
{"level":"warn","message":"⚠️  LDAP connection failed. AD authentication will be disabled.","service":"app","timestamp":"2026-01-27 18:56:27"}
{"level":"info","message":"Initialized 0 connectors","service":"app","timestamp":"2026-01-27 18:56:28"}
{"level":"info","message":"✅ Security tool connectors initialized","service":"app","timestamp":"2026-01-27 18:56:28"}
{"level":"info","message":"WebSocket heartbeat started","service":"app","timestamp":"2026-01-27 18:56:28"}
{"level":"info","message":"WebSocket server initialized","service":"app","timestamp":"2026-01-27 18:56:28"}
{"level":"info","message":"Database triggers setup complete","service":"app","timestamp":"2026-01-27 18:56:28"}
{"level":"info","message":"🚀 Starting Security Dashboard Backend...","service":"app","timestamp":"2026-01-27 18:57:01"}
{"level":"warn","message":"⚠️  LDAP connection failed. AD authentication will be disabled.","service":"app","timestamp":"2026-01-27 18:57:03"}
{"level":"info","message":"Initialized 0 connectors","service":"app","timestamp":"2026-01-27 18:57:03"}
{"level":"info","message":"✅ Security tool connectors initialized","service":"app","timestamp":"2026-01-27 18:57:03"}
{"level":"info","message":"WebSocket heartbeat started","service":"app","timestamp":"2026-01-27 18:57:03"}
{"level":"info","message":"WebSocket server initialized","service":"app","timestamp":"2026-01-27 18:57:03"}
{"level":"info","message":"Database triggers setup complete","service":"app","timestamp":"2026-01-27 18:57:03"}
{"level":"info","message":"✅ WebSocket server initialized","service":"app","timestamp":"2026-01-27 18:57:03"}
{"level":"info","message":"✅ Server running on port 5000","service":"app","timestamp":"2026-01-27 18:57:03"}
{"level":"info","message":"📊 API Base URL: /api/v1","service":"app","timestamp":"2026-01-27 18:57:03"}
{"level":"info","message":"🔌 WebSocket URL: ws://localhost:5000/ws","service":"app","timestamp":"2026-01-27 18:57:03"}
{"level":"info","message":"🌍 Environment: development","service":"app","timestamp":"2026-01-27 18:57:03"}
{"level":"info","message":{"duration":"1664ms","ip":"::1","method":"GET","path":"/public","status":200},"service":"app","timestamp":"2026-01-27 18:57:13"}
{"level":"info","message":{"duration":"1ms","ip":"::1","method":"GET","path":"/","status":401},"service":"app","timestamp":"2026-01-27 18:57:13"}
{"level":"info","message":"🚀 Starting Security Dashboard Backend...","service":"app","timestamp":"2026-01-27 18:58:04"}
{"level":"warn","message":"⚠️  LDAP connection failed. AD authentication will be disabled.","service":"app","timestamp":"2026-01-27 18:58:06"}
{"level":"info","message":"Initialized 0 connectors","service":"app","timestamp":"2026-01-27 18:58:06"}
{"level":"info","message":"✅ Security tool connectors initialized","service":"app","timestamp":"2026-01-27 18:58:06"}
{"level":"info","message":"WebSocket heartbeat started","service":"app","timestamp":"2026-01-27 18:58:06"}
{"level":"info","message":"WebSocket server initialized","service":"app","timestamp":"2026-01-27 18:58:06"}
{"level":"info","message":"Database triggers setup complete","service":"app","timestamp":"2026-01-27 18:58:07"}
{"level":"info","message":"✅ WebSocket server initialized","service":"app","timestamp":"2026-01-27 18:58:07"}
{"level":"info","message":"✅ Server running on port 5000","service":"app","timestamp":"2026-01-27 18:58:07"}
{"level":"info","message":"📊 API Base URL: /api/v1","service":"app","timestamp":"2026-01-27 18:58:07"}
{"level":"info","message":"🔌 WebSocket URL: ws://localhost:5000/ws","service":"app","timestamp":"2026-01-27 18:58:07"}
{"level":"info","message":"🌍 Environment: development","service":"app","timestamp":"2026-01-27 18:58:07"}
{"level":"info","message":{"duration":"1785ms","ip":"::1","method":"GET","path":"/public","status":200},"service":"app","timestamp":"2026-01-27 18:58:13"}
{"level":"info","message":{"duration":"2ms","ip":"::1","method":"GET","path":"/","status":401},"service":"app","timestamp":"2026-01-27 18:58:13"}
{"level":"info","message":{"duration":"231ms","ip":"::1","method":"GET","path":"/health","status":200},"service":"app","timestamp":"2026-01-27 18:58:22"}
{"level":"info","message":"AD sync triggered via API","service":"app","timestamp":"2026-01-27 18:58:34"}
{"level":"info","message":"Starting Active Directory sync...","service":"app","timestamp":"2026-01-27 18:58:34"}
{"level":"info","message":"Running Python AD scanner from: C:\\Users\\haryp\\Desktop\\FINAL YEAR PROJECT\\security-dashboard-mvp-exec-friendly\\asset-population\\Asset_Scanner.py","service":"app","timestamp":"2026-01-27 18:58:34"}
{"0":"C","1":"o","10":"i","100":"l","101":"y","102":"\\","103":"a","104":"s","105":"s","106":"e","107":"t","108":"-","109":"p","11":"l","110":"o","111":"p","112":"u","113":"l","114":"a","115":"t","116":"i","117":"o","118":"n","119":"\\","12":"e","120":"A","121":"s","122":"s","123":"e","124":"t","125":"_","126":"S","127":"c","128":"a","129":"n","13":"d","130":"n","131":"e","132":"r","133":".","134":"p","135":"y","136":"\"","137":" ","138":"-","139":"-","14":":","140":"d","141":"o","142":"m","143":"a","144":"i","145":"n","146":" ","147":"m","148":"e","149":"e","15":" ","150":"z","151":"a","152":"n","153":".","154":"l","155":"o","156":"c","157":"a","158":"l","159":" ","16":"p","160":"-","161":"-","162":"d","163":"c","164":"-","165":"i","166":"p","167":" ","168":"1","169":"9","17":"y","170":"2","171":".","172":"1","173":"6","174":"8","175":".","176":"1","177":"8","178":".","179":"1","18":"t","180":"0","181":"0","182":" ","183":"-","184":"-","185":"u","186":"s","187":"e","188":"r","189":"n","19":"h","190":"a","191":"m","192":"e","193":" ","194":"\"","195":"A","196":"d","197":"m","198":"i","199":"n","2":"m","20":"o","200":"i","201":"s","202":"t","203":"r","204":"a","205":"t","206":"o","207":"r","208":"\"","209":" ","21":"n","210":"-","211":"-","212":"p","213":"a","214":"s","215":"s","216":"w","217":"o","218":"r","219":"d","22":" ","220":" ","221":"\"","222":"P","223":"a","224":"s","225":"s","226":"w","227":"o","228":"r","229":"d","23":"\"","230":"1","231":"2","232":"3","233":"\"","234":" ","235":"-","236":"-","237":"o","238":"u","239":"t","24":"C","240":"p","241":"u","242":"t","243":" ","244":"\"","245":"C","246":":","247":"\\","248":"U","249":"s","25":":","250":"e","251":"r","252":"s","253":"\\","254":"h","255":"a","256":"r","257":"y","258":"p","259":"\\","26":"\\","260":"D","261":"e","262":"s","263":"k","264":"t","265":"o","266":"p","267":"\\","268":"F","269":"I","27":"U","270":"N","271":"A","272":"L","273":" ","274":"Y","275":"E","276":"A","277":"R","278":" ","279":"P","28":"s","280":"R","281":"O","282":"J","283":"E","284":"C","285":"T","286":"\\","287":"s","288":"e","289":"c","29":"e","290":"u","291":"r","292":"i","293":"t","294":"y","295":"-","296":"d","297":"a","298":"s","299":"h","3":"m","30":"r","300":"b","301":"o","302":"a","303":"r","304":"d","305":"-","306":"m","307":"v","308":"p","309":"-","31":"s","310":"e","311":"x","312":"e","313":"c","314":"-","315":"f","316":"r","317":"i","318":"e","319":"n","32":"\\","320":"d","321":"l","322":"y","323":"\\","324":"a","325":"s","326":"s","327":"e","328":"t","329":"-","33":"h","330":"p","331":"o","332":"p","333":"u","334":"l","335":"a","336":"t","337":"i","338":"o","339":"n","34":"a","340":"\\","341":"a","342":"d","343":"_","344":"s","345":"y","346":"n","347":"c","348":"_","349":"o","35":"r","350":"u","351":"t","352":"p","353":"u","354":"t","355":".","356":"j","357":"s","358":"o","359":"n","36":"y","360":"\"","361":"\n","37":"p","38":"\\","39":"D","4":"a","40":"e","41":"s","42":"k","43":"t","44":"o","45":"p","46":"\\","47":"F","48":"I","49":"N","5":"n","50":"A","51":"L","52":" ","53":"Y","54":"E","55":"A","56":"R","57":" ","58":"P","59":"R","6":"d","60":"O","61":"J","62":"E","63":"C","64":"T","65":"\\","66":"s","67":"e","68":"c","69":"u","7":" ","70":"r","71":"i","72":"t","73":"y","74":"-","75":"d","76":"a","77":"s","78":"h","79":"b","8":"f","80":"o","81":"a","82":"r","83":"d","84":"-","85":"m","86":"v","87":"p","88":"-","89":"e","9":"a","90":"x","91":"e","92":"c","93":"-","94":"f","95":"r","96":"i","97":"e","98":"n","99":"d","level":"error","message":"Failed to run Python AD scanner:","service":"app","timestamp":"2026-01-27 18:58:56"}
{"0":"2","1":"0","10":" ","100":"8","1000":" ","1001":"R","1002":"e","1003":"s","1004":"u","1005":"l","1006":"t","1007":"s","1008":" ","1009":"s","101":":","1010":"a","1011":"v","1012":"e","1013":"d","1014":" ","1015":"t","1016":"o","1017":":","1018":" ","1019":"C","102":"3","1020":":","1021":"\\","1022":"U","1023":"s","1024":"e","1025":"r","1026":"s","1027":"\\","1028":"h","1029":"a","103":"4","1030":"r","1031":"y","1032":"p","1033":"\\","1034":"D","1035":"e","1036":"s","1037":"k","1038":"t","1039":"o","104":",","1040":"p","1041":"\\","1042":"F","1043":"I","1044":"N","1045":"A","1046":"L","1047":" ","1048":"Y","1049":"E","105":"9","1050":"A","1051":"R","1052":" ","1053":"P","1054":"R","1055":"O","1056":"J","1057":"E","1058":"C","1059":"T","106":"5","1060":"\\","1061":"s","1062":"e","1063":"c","1064":"u","1065":"r","1066":"i","1067":"t","1068":"y","1069":"-","107":"7","1070":"d","1071":"a","1072":"s","1073":"h","1074":"b","1075":"o","1076":"a","1077":"r","1078":"d","1079":"-","108":" ","1080":"m","1081":"v","1082":"p","1083":"-","1084":"e","1085":"x","1086":"e","1087":"c","1088":"-","1089":"f","109":"-","1090":"r","1091":"i","1092":"e","1093":"n","1094":"d","1095":"l","1096":"y","1097":"\\","1098":"a","1099":"s","11":"1","110":" ","1100":"s","1101":"e","1102":"t","1103":"-","1104":"p","1105":"o","1106":"p","1107":"u","1108":"l","1109":"a","111":"I","1110":"t","1111":"i","1112":"o","1113":"n","1114":"\\","1115":"a","1116":"d","1117":"_","1118":"s","1119":"y","112":"N","1120":"n","1121":"c","1122":"_","1123":"o","1124":"u","1125":"t","1126":"p","1127":"u","1128":"t","1129":".","113":"F","1130":"j","1131":"s","1132":"o","1133":"n","1134":"\r","1135":"\n","1136":"2","1137":"0","1138":"2","1139":"6","114":"O","1140":"-","1141":"0","1142":"1","1143":"-","1144":"2","1145":"7","1146":" ","1147":"1","1148":"8","1149":":","115":" ","1150":"5","1151":"8","1152":":","1153":"5","1154":"5","1155":",","1156":"9","1157":"6","1158":"4","1159":" ","116":"-","1160":"-","1161":" ","1162":"W","1163":"A","1164":"R","1165":"N","1166":"I","1167":"N","1168":"G","1169":" ","117":" ","1170":"-","1171":" ","1172":"N","1173":"o","1174":" ","1175":"a","1176":"s","1177":"s","1178":"e","1179":"t","118":"D","1180":"s","1181":" ","1182":"w","1183":"e","1184":"r","1185":"e","1186":" ","1187":"s","1188":"c","1189":"a","119":"o","1190":"n","1191":"n","1192":"e","1193":"d","1194":"\r","1195":"\n","12":"8","120":"m","121":"a","122":"i","123":"n","124":" ","125":"C","126":"o","127":"n","128":"t","129":"r","13":":","130":"o","131":"l","132":"l","133":"e","134":"r","135":":","136":" ","137":"1","138":"9","139":"2","14":"5","140":".","141":"1","142":"6","143":"8","144":".","145":"1","146":"8","147":".","148":"1","149":"0","15":"8","150":"0","151":"\r","152":"\n","153":"2","154":"0","155":"2","156":"6","157":"-","158":"0","159":"1","16":":","160":"-","161":"2","162":"7","163":" ","164":"1","165":"8","166":":","167":"5","168":"8","169":":","17":"3","170":"3","171":"4","172":",","173":"9","174":"5","175":"7","176":" ","177":"-","178":" ","179":"I","18":"4","180":"N","181":"F","182":"O","183":" ","184":"-","185":" ","186":"B","187":"a","188":"s","189":"e","19":",","190":" ","191":"D","192":"N","193":":","194":" ","195":"D","196":"C","197":"=","198":"m","199":"e","2":"2","20":"9","200":"e","201":"z","202":"a","203":"n","204":",","205":"D","206":"C","207":"=","208":"l","209":"o","21":"5","210":"c","211":"a","212":"l","213":"\r","214":"\n","215":"2","216":"0","217":"2","218":"6","219":"-","22":"6","220":"0","221":"1","222":"-","223":"2","224":"7","225":" ","226":"1","227":"8","228":":","229":"5","23":" ","230":"8","231":":","232":"3","233":"4","234":",","235":"9","236":"5","237":"7","238":" ","239":"-","24":"-","240":" ","241":"I","242":"N","243":"F","244":"O","245":" ","246":"-","247":" ","248":"S","249":"t","25":" ","250":"a","251":"r","252":"t","253":"i","254":"n","255":"g","256":" ","257":"f","258":"u","259":"l","26":"I","260":"l","261":" ","262":"a","263":"s","264":"s","265":"e","266":"t","267":" ","268":"s","269":"c","27":"N","270":"a","271":"n","272":".","273":".","274":".","275":"\r","276":"\n","277":"2","278":"0","279":"2","28":"F","280":"6","281":"-","282":"0","283":"1","284":"-","285":"2","286":"7","287":" ","288":"1","289":"8","29":"O","290":":","291":"5","292":"8","293":":","294":"3","295":"4","296":",","297":"9","298":"5","299":"7","3":"6","30":" ","300":" ","301":"-","302":" ","303":"I","304":"N","305":"F","306":"O","307":" ","308":"-","309":" ","31":"-","310":"C","311":"o","312":"n","313":"n","314":"e","315":"c","316":"t","317":"i","318":"n","319":"g","32":" ","320":" ","321":"t","322":"o","323":" ","324":"L","325":"D","326":"A","327":"P","328":" ","329":"s","33":"A","330":"e","331":"r","332":"v","333":"e","334":"r","335":" ","336":"a","337":"t","338":" ","339":"1","34":"s","340":"9","341":"2","342":".","343":"1","344":"6","345":"8","346":".","347":"1","348":"8","349":".","35":"s","350":"1","351":"0","352":"0","353":":","354":"3","355":"8","356":"9","357":"\r","358":"\n","359":"2","36":"e","360":"0","361":"2","362":"6","363":"-","364":"0","365":"1","366":"-","367":"2","368":"7","369":" ","37":"t","370":"1","371":"8","372":":","373":"5","374":"8","375":":","376":"5","377":"5","378":",","379":"9","38":" ","380":"6","381":"2","382":" ","383":"-","384":" ","385":"E","386":"R","387":"R","388":"O","389":"R","39":"S","390":" ","391":"-","392":" ","393":"L","394":"D","395":"A","396":"P","397":" ","398":"c","399":"o","4":"-","40":"c","400":"n","401":"n","402":"e","403":"c","404":"t","405":"i","406":"o","407":"n","408":" ","409":"f","41":"a","410":"a","411":"i","412":"l","413":"e","414":"d","415":":","416":" ","417":"s","418":"o","419":"c","42":"n","420":"k","421":"e","422":"t","423":" ","424":"c","425":"o","426":"n","427":"n","428":"e","429":"c","43":"n","430":"t","431":"i","432":"o","433":"n","434":" ","435":"e","436":"r","437":"r","438":"o","439":"r","44":"e","440":" ","441":"w","442":"h","443":"i","444":"l","445":"e","446":" ","447":"o","448":"p","449":"e","45":"r","450":"n","451":"i","452":"n","453":"g","454":":","455":" ","456":"[","457":"W","458":"i","459":"n","46":" ","460":"E","461":"r","462":"r","463":"o","464":"r","465":" ","466":"1","467":"0","468":"0","469":"6","47":"i","470":"0","471":"]","472":" ","473":"A","474":" ","475":"c","476":"o","477":"n","478":"n","479":"e","48":"n","480":"c","481":"t","482":"i","483":"o","484":"n","485":" ","486":"a","487":"t","488":"t","489":"e","49":"i","490":"m","491":"p","492":"t","493":" ","494":"f","495":"a","496":"i","497":"l","498":"e","499":"d","5":"0","50":"t","500":" ","501":"b","502":"e","503":"c","504":"a","505":"u","506":"s","507":"e","508":" ","509":"t","51":"i","510":"h","511":"e","512":" ","513":"c","514":"o","515":"n","516":"n","517":"e","518":"c","519":"t","52":"a","520":"e","521":"d","522":" ","523":"p","524":"a","525":"r","526":"t","527":"y","528":" ","529":"d","53":"l","530":"i","531":"d","532":" ","533":"n","534":"o","535":"t","536":" ","537":"p","538":"r","539":"o","54":"i","540":"p","541":"e","542":"r","543":"l","544":"y","545":" ","546":"r","547":"e","548":"s","549":"p","55":"z","550":"o","551":"n","552":"d","553":" ","554":"a","555":"f","556":"t","557":"e","558":"r","559":" ","56":"e","560":"a","561":" ","562":"p","563":"e","564":"r","565":"i","566":"o","567":"d","568":" ","569":"o","57":"d","570":"f","571":" ","572":"t","573":"i","574":"m","575":"e","576":",","577":" ","578":"o","579":"r","58":" ","580":" ","581":"e","582":"s","583":"t","584":"a","585":"b","586":"l","587":"i","588":"s","589":"h","59":"f","590":"e","591":"d","592":" ","593":"c","594":"o","595":"n","596":"n","597":"e","598":"c","599":"t","6":"1","60":"o","600":"i","601":"o","602":"n","603":" ","604":"f","605":"a","606":"i","607":"l","608":"e","609":"d","61":"r","610":" ","611":"b","612":"e","613":"c","614":"a","615":"u","616":"s","617":"e","618":" ","619":"c","62":" ","620":"o","621":"n","622":"n","623":"e","624":"c","625":"t","626":"e","627":"d","628":" ","629":"h","63":"d","630":"o","631":"s","632":"t","633":" ","634":"h","635":"a","636":"s","637":" ","638":"f","639":"a","64":"o","640":"i","641":"l","642":"e","643":"d","644":" ","645":"t","646":"o","647":" ","648":"r","649":"e","65":"m","650":"s","651":"p","652":"o","653":"n","654":"d","655":"\r","656":"\n","657":"2","658":"0","659":"2","66":"a","660":"6","661":"-","662":"0","663":"1","664":"-","665":"2","666":"7","667":" ","668":"1","669":"8","67":"i","670":":","671":"5","672":"8","673":":","674":"5","675":"5","676":",","677":"9","678":"6","679":"2","68":"n","680":" ","681":"-","682":" ","683":"E","684":"R","685":"R","686":"O","687":"R","688":" ","689":"-","69":":","690":" ","691":"F","692":"a","693":"i","694":"l","695":"e","696":"d","697":" ","698":"t","699":"o","7":"-","70":" ","700":" ","701":"r","702":"e","703":"t","704":"r","705":"i","706":"e","707":"v","708":"e","709":" ","71":"m","710":"A","711":"D","712":" ","713":"c","714":"o","715":"m","716":"p","717":"u","718":"t","719":"e","72":"e","720":"r","721":"s","722":":","723":" ","724":"s","725":"o","726":"c","727":"k","728":"e","729":"t","73":"e","730":" ","731":"c","732":"o","733":"n","734":"n","735":"e","736":"c","737":"t","738":"i","739":"o","74":"z","740":"n","741":" ","742":"e","743":"r","744":"r","745":"o","746":"r","747":" ","748":"w","749":"h","75":"a","750":"i","751":"l","752":"e","753":" ","754":"o","755":"p","756":"e","757":"n","758":"i","759":"n","76":"n","760":"g","761":":","762":" ","763":"[","764":"W","765":"i","766":"n","767":"E","768":"r","769":"r","77":".","770":"o","771":"r","772":" ","773":"1","774":"0","775":"0","776":"6","777":"0","778":"]","779":" ","78":"l","780":"A","781":" ","782":"c","783":"o","784":"n","785":"n","786":"e","787":"c","788":"t","789":"i","79":"o","790":"o","791":"n","792":" ","793":"a","794":"t","795":"t","796":"e","797":"m","798":"p","799":"t","8":"2","80":"c","800":" ","801":"f","802":"a","803":"i","804":"l","805":"e","806":"d","807":" ","808":"b","809":"e","81":"a","810":"c","811":"a","812":"u","813":"s","814":"e","815":" ","816":"t","817":"h","818":"e","819":" ","82":"l","820":"c","821":"o","822":"n","823":"n","824":"e","825":"c","826":"t","827":"e","828":"d","829":" ","83":"\r","830":"p","831":"a","832":"r","833":"t","834":"y","835":" ","836":"d","837":"i","838":"d","839":" ","84":"\n","840":"n","841":"o","842":"t","843":" ","844":"p","845":"r","846":"o","847":"p","848":"e","849":"r","85":"2","850":"l","851":"y","852":" ","853":"r","854":"e","855":"s","856":"p","857":"o","858":"n","859":"d","86":"0","860":" ","861":"a","862":"f","863":"t","864":"e","865":"r","866":" ","867":"a","868":" ","869":"p","87":"2","870":"e","871":"r","872":"i","873":"o","874":"d","875":" ","876":"o","877":"f","878":" ","879":"t","88":"6","880":"i","881":"m","882":"e","883":",","884":" ","885":"o","886":"r","887":" ","888":"e","889":"s","89":"-","890":"t","891":"a","892":"b","893":"l","894":"i","895":"s","896":"h","897":"e","898":"d","899":" ","9":"7","90":"0","900":"c","901":"o","902":"n","903":"n","904":"e","905":"c","906":"t","907":"i","908":"o","909":"n","91":"1","910":" ","911":"f","912":"a","913":"i","914":"l","915":"e","916":"d","917":" ","918":"b","919":"e","92":"-","920":"c","921":"a","922":"u","923":"s","924":"e","925":" ","926":"c","927":"o","928":"n","929":"n","93":"2","930":"e","931":"c","932":"t","933":"e","934":"d","935":" ","936":"h","937":"o","938":"s","939":"t","94":"7","940":" ","941":"h","942":"a","943":"s","944":" ","945":"f","946":"a","947":"i","948":"l","949":"e","95":" ","950":"d","951":" ","952":"t","953":"o","954":" ","955":"r","956":"e","957":"s","958":"p","959":"o","96":"1","960":"n","961":"d","962":"\r","963":"\n","964":"[","965":"]","966":"\r","967":"\n","968":"2","969":"0","97":"8","970":"2","971":"6","972":"-","973":"0","974":"1","975":"-","976":"2","977":"7","978":" ","979":"1","98":":","980":"8","981":":","982":"5","983":"8","984":":","985":"5","986":"5","987":",","988":"9","989":"6","99":"5","990":"3","991":" ","992":"-","993":" ","994":"I","995":"N","996":"F","997":"O","998":" ","999":"-","level":"info","message":"Scanner stdout:","service":"app","timestamp":"2026-01-27 18:58:56"}
{"level":"error","message":"AD Sync failed: AD Scanner failed: Command failed: python \"C:\\Users\\haryp\\Desktop\\FINAL YEAR PROJECT\\security-dashboard-mvp-exec-friendly\\asset-population\\Asset_Scanner.py\" --domain meezan.local --dc-ip 192.168.18.100 --username \"Administrator\" --password \"Password123\" --output \"C:\\Users\\haryp\\Desktop\\FINAL YEAR PROJECT\\security-dashboard-mvp-exec-friendly\\asset-population\\ad_sync_output.json\"\n","service":"app","stack":"Error: AD Scanner failed: Command failed: python \"C:\\Users\\haryp\\Desktop\\FINAL YEAR PROJECT\\security-dashboard-mvp-exec-friendly\\asset-population\\Asset_Scanner.py\" --domain meezan.local --dc-ip 192.168.18.100 --username \"Administrator\" --password \"Password123\" --output \"C:\\Users\\haryp\\Desktop\\FINAL YEAR PROJECT\\security-dashboard-mvp-exec-friendly\\asset-population\\ad_sync_output.json\"\n\n    at ADSyncService.getComputersFromAD (C:\\Users\\haryp\\Desktop\\FINAL YEAR PROJECT\\security-dashboard-mvp-exec-friendly\\backend\\src\\services\\ad-sync.service.ts:123:13)\n    at process.processTicksAndRejections (node:internal/process/task_queues:95:5)\n    at async ADSyncService.syncFromAD (C:\\Users\\haryp\\Desktop\\FINAL YEAR PROJECT\\security-dashboard-mvp-exec-friendly\\backend\\src\\services\\ad-sync.service.ts:36:25)\n    at async <anonymous> (C:\\Users\\haryp\\Desktop\\FINAL YEAR PROJECT\\security-dashboard-mvp-exec-friendly\\backend\\src\\routes\\ad-sync.routes.ts:13:20)","timestamp":"2026-01-27 18:58:56"}
{"level":"info","message":{"duration":"22009ms","ip":"::1","method":"POST","path":"/sync","status":200},"service":"app","timestamp":"2026-01-27 18:58:56"}
{"level":"info","message":{"duration":"441ms","ip":"::1","method":"GET","path":"/public","status":200},"service":"app","timestamp":"2026-01-27 18:59:12"}
{"level":"info","message":{"duration":"1ms","ip":"::1","method":"GET","path":"/","status":401},"service":"app","timestamp":"2026-01-27 18:59:12"}
{"level":"info","message":{"duration":"441ms","ip":"::1","method":"GET","path":"/public","status":200},"service":"app","timestamp":"2026-01-27 19:00:11"}
{"level":"info","message":{"duration":"1ms","ip":"::1","method":"GET","path":"/","status":401},"service":"app","timestamp":"2026-01-27 19:00:12"}
{"level":"info","message":{"duration":"441ms","ip":"::1","method":"GET","path":"/public","status":200},"service":"app","timestamp":"2026-01-27 19:01:12"}
{"level":"info","message":{"duration":"1ms","ip":"::1","method":"GET","path":"/","status":401},"service":"app","timestamp":"2026-01-27 19:01:12"}
{"level":"info","message":{"duration":"441ms","ip":"::1","method":"GET","path":"/public","status":200},"service":"app","timestamp":"2026-01-27 19:02:11"}
{"level":"info","message":{"duration":"2ms","ip":"::1","method":"GET","path":"/","status":401},"service":"app","timestamp":"2026-01-27 19:02:12"}
{"level":"info","message":{"duration":"445ms","ip":"::1","method":"GET","path":"/public","status":200},"service":"app","timestamp":"2026-01-27 19:03:12"}
{"level":"info","message":{"duration":"4ms","ip":"::1","method":"GET","path":"/","status":401},"service":"app","timestamp":"2026-01-27 19:03:12"}
{"level":"info","message":{"duration":"440ms","ip":"::1","method":"GET","path":"/public","status":200},"service":"app","timestamp":"2026-01-27 19:04:11"}
{"level":"info","message":{"duration":"0ms","ip":"::1","method":"GET","path":"/","status":401},"service":"app","timestamp":"2026-01-27 19:04:12"}
{"level":"info","message":"🚀 Starting Security Dashboard Backend...","service":"app","timestamp":"2026-01-27 19:05:00"}
{"level":"warn","message":"⚠️  LDAP connection failed. AD authentication will be disabled.","service":"app","timestamp":"2026-01-27 19:05:02"}
{"level":"info","message":"Initialized 0 connectors","service":"app","timestamp":"2026-01-27 19:05:02"}
{"level":"info","message":"✅ Security tool connectors initialized","service":"app","timestamp":"2026-01-27 19:05:02"}
{"level":"info","message":"WebSocket heartbeat started","service":"app","timestamp":"2026-01-27 19:05:02"}
{"level":"info","message":"WebSocket server initialized","service":"app","timestamp":"2026-01-27 19:05:02"}
{"level":"info","message":"Database triggers setup complete","service":"app","timestamp":"2026-01-27 19:05:02"}
{"level":"info","message":{"duration":"440ms","ip":"::1","method":"GET","path":"/public","status":200},"service":"app","timestamp":"2026-01-27 19:05:12"}
{"level":"info","message":{"duration":"1ms","ip":"::1","method":"GET","path":"/","status":401},"service":"app","timestamp":"2026-01-27 19:05:12"}
{"level":"info","message":{"duration":"224ms","ip":"::1","method":"GET","path":"/health","status":200},"service":"app","timestamp":"2026-01-27 19:05:28"}
{"level":"info","message":{"duration":"439ms","ip":"::1","method":"GET","path":"/public","status":200},"service":"app","timestamp":"2026-01-27 19:06:12"}
{"level":"info","message":{"duration":"1ms","ip":"::1","method":"GET","path":"/","status":401},"service":"app","timestamp":"2026-01-27 19:06:12"}
{"level":"info","message":{"duration":"436ms","ip":"::1","method":"GET","path":"/public","status":200},"service":"app","timestamp":"2026-01-27 19:06:29"}
{"level":"info","message":{"duration":"435ms","ip":"::1","method":"GET","path":"/public","status":200},"service":"app","timestamp":"2026-01-27 19:07:11"}
{"level":"info","message":{"duration":"1ms","ip":"::1","method":"GET","path":"/","status":401},"service":"app","timestamp":"2026-01-27 19:07:11"}
{"level":"info","message":{"duration":"437ms","ip":"::1","method":"GET","path":"/public","status":200},"service":"app","timestamp":"2026-01-27 19:08:11"}
{"level":"info","message":{"duration":"0ms","ip":"::1","method":"GET","path":"/","status":401},"service":"app","timestamp":"2026-01-27 19:08:12"}
{"level":"info","message":{"duration":"435ms","ip":"::1","method":"GET","path":"/public","status":200},"service":"app","timestamp":"2026-01-27 19:09:12"}
{"level":"info","message":{"duration":"1ms","ip":"::1","method":"GET","path":"/","status":401},"service":"app","timestamp":"2026-01-27 19:09:12"}
{"level":"info","message":{"duration":"440ms","ip":"::1","method":"GET","path":"/public","status":200},"service":"app","timestamp":"2026-01-27 19:10:12"}
{"level":"info","message":{"duration":"2ms","ip":"::1","method":"GET","path":"/","status":401},"service":"app","timestamp":"2026-01-27 19:10:12"}
{"level":"info","message":{"duration":"441ms","ip":"::1","method":"GET","path":"/public","status":200},"service":"app","timestamp":"2026-01-27 19:11:11"}
{"level":"info","message":{"duration":"2ms","ip":"::1","method":"GET","path":"/","status":401},"service":"app","timestamp":"2026-01-27 19:11:12"}
{"level":"info","message":{"duration":"733ms","ip":"::1","method":"POST","path":"/login","status":401},"service":"app","timestamp":"2026-01-27 19:11:48"}
{"level":"info","message":{"duration":"1ms","ip":"::1","method":"GET","path":"/metrics","status":401},"service":"app","timestamp":"2026-01-27 19:11:48"}
{"level":"info","message":{"duration":"1ms","ip":"::1","method":"GET","path":"/incidents","status":401},"service":"app","timestamp":"2026-01-27 19:11:48"}
{"level":"info","message":{"duration":"1ms","ip":"::1","method":"GET","path":"/metrics","status":401},"service":"app","timestamp":"2026-01-27 19:11:48"}
{"level":"info","message":{"duration":"1ms","ip":"::1","method":"GET","path":"/incidents","status":401},"service":"app","timestamp":"2026-01-27 19:11:48"}
{"level":"info","message":{"duration":"1ms","ip":"::1","method":"GET","path":"/metrics","status":401},"service":"app","timestamp":"2026-01-27 19:11:50"}
{"level":"info","message":{"duration":"1ms","ip":"::1","method":"GET","path":"/incidents","status":401},"service":"app","timestamp":"2026-01-27 19:11:50"}
{"level":"info","message":{"duration":"437ms","ip":"::1","method":"GET","path":"/public","status":200},"service":"app","timestamp":"2026-01-27 19:11:52"}
{"level":"info","message":{"duration":"1ms","ip":"::1","method":"GET","path":"/","status":401},"service":"app","timestamp":"2026-01-27 19:11:52"}
{"level":"info","message":{"duration":"1684ms","ip":"::1","method":"GET","path":"/public","status":200},"service":"app","timestamp":"2026-01-27 19:11:53"}
{"level":"info","message":{"duration":"1ms","ip":"::1","method":"GET","path":"/","status":401},"service":"app","timestamp":"2026-01-27 19:11:53"}
{"level":"info","message":{"duration":"405ms","ip":"::1","method":"GET","path":"/public","status":200},"service":"app","timestamp":"2026-01-27 19:12:52"}
{"level":"info","message":{"duration":"1ms","ip":"::1","method":"GET","path":"/","status":401},"service":"app","timestamp":"2026-01-27 19:12:52"}
{"level":"info","message":{"duration":"404ms","ip":"::1","method":"GET","path":"/public","status":200},"service":"app","timestamp":"2026-01-27 19:13:52"}
{"level":"info","message":{"duration":"1ms","ip":"::1","method":"GET","path":"/","status":401},"service":"app","timestamp":"2026-01-27 19:13:52"}
{"level":"info","message":{"duration":"406ms","ip":"::1","method":"GET","path":"/public","status":200},"service":"app","timestamp":"2026-01-27 19:14:52"}
{"level":"info","message":{"duration":"1ms","ip":"::1","method":"GET","path":"/","status":401},"service":"app","timestamp":"2026-01-27 19:14:52"}
{"level":"info","message":{"duration":"409ms","ip":"::1","method":"GET","path":"/public","status":200},"service":"app","timestamp":"2026-01-27 19:15:52"}
{"level":"info","message":{"duration":"1ms","ip":"::1","method":"GET","path":"/","status":401},"service":"app","timestamp":"2026-01-27 19:15:53"}
{"level":"info","message":{"duration":"408ms","ip":"::1","method":"GET","path":"/public","status":200},"service":"app","timestamp":"2026-01-27 19:16:52"}
{"level":"info","message":{"duration":"0ms","ip":"::1","method":"GET","path":"/","status":401},"service":"app","timestamp":"2026-01-27 19:16:52"}
{"level":"info","message":{"duration":"404ms","ip":"::1","method":"GET","path":"/public","status":200},"service":"app","timestamp":"2026-01-27 19:17:52"}
{"level":"info","message":{"duration":"2ms","ip":"::1","method":"GET","path":"/","status":401},"service":"app","timestamp":"2026-01-27 19:17:52"}
{"level":"info","message":{"duration":"413ms","ip":"::1","method":"GET","path":"/public","status":200},"service":"app","timestamp":"2026-01-27 19:19:11"}
{"level":"info","message":{"duration":"1ms","ip":"::1","method":"GET","path":"/","status":401},"service":"app","timestamp":"2026-01-27 19:19:12"}
{"level":"info","message":{"duration":"405ms","ip":"::1","method":"GET","path":"/public","status":200},"service":"app","timestamp":"2026-01-27 19:20:11"}
{"level":"info","message":{"duration":"0ms","ip":"::1","method":"GET","path":"/","status":401},"service":"app","timestamp":"2026-01-27 19:20:11"}
{"level":"info","message":{"duration":"403ms","ip":"::1","method":"GET","path":"/public","status":200},"service":"app","timestamp":"2026-01-27 19:21:11"}
{"level":"info","message":{"duration":"1ms","ip":"::1","method":"GET","path":"/","status":401},"service":"app","timestamp":"2026-01-27 19:21:11"}
{"level":"info","message":{"duration":"409ms","ip":"::1","method":"GET","path":"/public","status":200},"service":"app","timestamp":"2026-01-27 19:22:11"}
{"level":"info","message":{"duration":"1ms","ip":"::1","method":"GET","path":"/","status":401},"service":"app","timestamp":"2026-01-27 19:22:12"}
{"level":"info","message":{"duration":"406ms","ip":"::1","method":"GET","path":"/public","status":200},"service":"app","timestamp":"2026-01-27 19:23:11"}
{"level":"info","message":{"duration":"1ms","ip":"::1","method":"GET","path":"/","status":401},"service":"app","timestamp":"2026-01-27 19:23:11"}
{"level":"info","message":{"duration":"407ms","ip":"::1","method":"GET","path":"/public","status":200},"service":"app","timestamp":"2026-01-27 19:24:11"}
{"level":"info","message":{"duration":"0ms","ip":"::1","method":"GET","path":"/","status":401},"service":"app","timestamp":"2026-01-27 19:24:11"}
{"level":"info","message":{"duration":"403ms","ip":"::1","method":"GET","path":"/public","status":200},"service":"app","timestamp":"2026-01-27 19:25:11"}
{"level":"info","message":{"duration":"0ms","ip":"::1","method":"GET","path":"/","status":401},"service":"app","timestamp":"2026-01-27 19:25:11"}
{"level":"info","message":{"duration":"408ms","ip":"::1","method":"GET","path":"/public","status":200},"service":"app","timestamp":"2026-01-27 19:26:11"}
{"level":"info","message":{"duration":"2ms","ip":"::1","method":"GET","path":"/","status":401},"service":"app","timestamp":"2026-01-27 19:26:12"}
{"level":"info","message":{"duration":"405ms","ip":"::1","method":"GET","path":"/public","status":200},"service":"app","timestamp":"2026-01-27 19:27:11"}
{"level":"info","message":{"duration":"1ms","ip":"::1","method":"GET","path":"/","status":401},"service":"app","timestamp":"2026-01-27 19:27:11"}
{"level":"info","message":{"duration":"405ms","ip":"::1","method":"GET","path":"/public","status":200},"service":"app","timestamp":"2026-01-27 19:28:11"}
{"level":"info","message":{"duration":"1ms","ip":"::1","method":"GET","path":"/","status":401},"service":"app","timestamp":"2026-01-27 19:28:11"}
{"level":"info","message":{"duration":"402ms","ip":"::1","method":"GET","path":"/public","status":200},"service":"app","timestamp":"2026-01-27 19:29:11"}
{"level":"info","message":{"duration":"1ms","ip":"::1","method":"GET","path":"/","status":401},"service":"app","timestamp":"2026-01-27 19:29:11"}
{"level":"info","message":{"duration":"406ms","ip":"::1","method":"GET","path":"/public","status":200},"service":"app","timestamp":"2026-01-27 19:30:11"}
{"level":"info","message":{"duration":"1ms","ip":"::1","method":"GET","path":"/","status":401},"service":"app","timestamp":"2026-01-27 19:30:11"}
{"level":"info","message":{"duration":"403ms","ip":"::1","method":"GET","path":"/public","status":200},"service":"app","timestamp":"2026-01-27 19:31:11"}
{"level":"info","message":{"duration":"1ms","ip":"::1","method":"GET","path":"/","status":401},"service":"app","timestamp":"2026-01-27 19:31:11"}
{"level":"info","message":{"duration":"408ms","ip":"::1","method":"GET","path":"/public","status":200},"service":"app","timestamp":"2026-01-27 19:32:11"}
{"level":"info","message":{"duration":"2ms","ip":"::1","method":"GET","path":"/","status":401},"service":"app","timestamp":"2026-01-27 19:32:12"}
{"level":"info","message":{"duration":"407ms","ip":"::1","method":"GET","path":"/public","status":200},"service":"app","timestamp":"2026-01-27 19:33:11"}
{"level":"info","message":{"duration":"2ms","ip":"::1","method":"GET","path":"/","status":401},"service":"app","timestamp":"2026-01-27 19:33:11"}
{"level":"info","message":{"duration":"407ms","ip":"::1","method":"GET","path":"/public","status":200},"service":"app","timestamp":"2026-01-27 19:34:11"}
{"level":"info","message":{"duration":"3ms","ip":"::1","method":"GET","path":"/","status":401},"service":"app","timestamp":"2026-01-27 19:34:12"}
{"level":"info","message":{"duration":"409ms","ip":"::1","method":"GET","path":"/public","status":200},"service":"app","timestamp":"2026-01-27 19:35:11"}
{"level":"info","message":{"duration":"3ms","ip":"::1","method":"GET","path":"/","status":401},"service":"app","timestamp":"2026-01-27 19:35:12"}
{"level":"info","message":{"duration":"408ms","ip":"::1","method":"GET","path":"/public","status":200},"service":"app","timestamp":"2026-01-27 19:36:11"}
{"level":"info","message":{"duration":"2ms","ip":"::1","method":"GET","path":"/","status":401},"service":"app","timestamp":"2026-01-27 19:36:12"}
{"level":"info","message":{"duration":"407ms","ip":"::1","method":"GET","path":"/public","status":200},"service":"app","timestamp":"2026-01-27 19:37:11"}
{"level":"info","message":{"duration":"1ms","ip":"::1","method":"GET","path":"/","status":401},"service":"app","timestamp":"2026-01-27 19:37:11"}
{"level":"info","message":{"duration":"404ms","ip":"::1","method":"GET","path":"/public","status":200},"service":"app","timestamp":"2026-01-27 19:38:11"}
{"level":"info","message":{"duration":"0ms","ip":"::1","method":"GET","path":"/","status":401},"service":"app","timestamp":"2026-01-27 19:38:11"}
{"level":"info","message":{"duration":"408ms","ip":"::1","method":"GET","path":"/public","status":200},"service":"app","timestamp":"2026-01-27 19:39:11"}
{"level":"info","message":{"duration":"1ms","ip":"::1","method":"GET","path":"/","status":401},"service":"app","timestamp":"2026-01-27 19:39:12"}
{"level":"info","message":{"duration":"410ms","ip":"::1","method":"GET","path":"/public","status":200},"service":"app","timestamp":"2026-01-27 19:40:11"}
{"level":"info","message":{"duration":"1ms","ip":"::1","method":"GET","path":"/","status":401},"service":"app","timestamp":"2026-01-27 19:40:12"}
{"level":"info","message":{"duration":"841ms","ip":"::1","method":"GET","path":"/public","status":200},"service":"app","timestamp":"2026-01-27 19:41:12"}
{"level":"info","message":{"duration":"1ms","ip":"::1","method":"GET","path":"/","status":401},"service":"app","timestamp":"2026-01-27 19:41:12"}
{"level":"info","message":{"duration":"404ms","ip":"::1","method":"GET","path":"/public","status":200},"service":"app","timestamp":"2026-01-27 19:42:11"}
{"level":"info","message":{"duration":"1ms","ip":"::1","method":"GET","path":"/","status":401},"service":"app","timestamp":"2026-01-27 19:42:11"}
{"level":"info","message":{"duration":"405ms","ip":"::1","method":"GET","path":"/public","status":200},"service":"app","timestamp":"2026-01-27 19:43:11"}
{"level":"info","message":{"duration":"1ms","ip":"::1","method":"GET","path":"/","status":401},"service":"app","timestamp":"2026-01-27 19:43:11"}
{"level":"info","message":{"duration":"407ms","ip":"::1","method":"GET","path":"/public","status":200},"service":"app","timestamp":"2026-01-27 19:44:05"}
{"level":"info","message":{"duration":"1ms","ip":"::1","method":"GET","path":"/","status":401},"service":"app","timestamp":"2026-01-27 19:44:05"}
{"level":"info","message":"AD sync triggered via API","service":"app","timestamp":"2026-01-27 19:44:07"}
{"level":"info","message":"Starting Active Directory sync...","service":"app","timestamp":"2026-01-27 19:44:07"}
{"level":"info","message":"Running Python AD scanner from: C:\\Users\\haryp\\Desktop\\FINAL YEAR PROJECT\\security-dashboard-mvp-exec-friendly\\asset-population\\Asset_Scanner.py","service":"app","timestamp":"2026-01-27 19:44:07"}
{"0":"C","1":"o","10":"i","100":"l","101":"y","102":"\\","103":"a","104":"s","105":"s","106":"e","107":"t","108":"-","109":"p","11":"l","110":"o","111":"p","112":"u","113":"l","114":"a","115":"t","116":"i","117":"o","118":"n","119":"\\","12":"e","120":"A","121":"s","122":"s","123":"e","124":"t","125":"_","126":"S","127":"c","128":"a","129":"n","13":"d","130":"n","131":"e","132":"r","133":".","134":"p","135":"y","136":"\"","137":" ","138":"-","139":"-","14":":","140":"d","141":"o","142":"m","143":"a","144":"i","145":"n","146":" ","147":"m","148":"e","149":"e","15":" ","150":"z","151":"a","152":"n","153":".","154":"l","155":"o","156":"c","157":"a","158":"l","159":" ","16":"p","160":"-","161":"-","162":"d","163":"c","164":"-","165":"i","166":"p","167":" ","168":"1","169":"9","17":"y","170":"2","171":".","172":"1","173":"6","174":"8","175":".","176":"1","177":"8","178":".","179":"1","18":"t","180":"0","181":"0","182":" ","183":"-","184":"-","185":"u","186":"s","187":"e","188":"r","189":"n","19":"h","190":"a","191":"m","192":"e","193":" ","194":"\"","195":"A","196":"d","197":"m","198":"i","199":"n","2":"m","20":"o","200":"i","201":"s","202":"t","203":"r","204":"a","205":"t","206":"o","207":"r","208":"\"","209":" ","21":"n","210":"-","211":"-","212":"p","213":"a","214":"s","215":"s","216":"w","217":"o","218":"r","219":"d","22":" ","220":" ","221":"\"","222":"P","223":"a","224":"s","225":"s","226":"w","227":"o","228":"r","229":"d","23":"\"","230":"1","231":"2","232":"3","233":"\"","234":" ","235":"-","236":"-","237":"o","238":"u","239":"t","24":"C","240":"p","241":"u","242":"t","243":" ","244":"\"","245":"C","246":":","247":"\\","248":"U","249":"s","25":":","250":"e","251":"r","252":"s","253":"\\","254":"h","255":"a","256":"r","257":"y","258":"p","259":"\\","26":"\\","260":"D","261":"e","262":"s","263":"k","264":"t","265":"o","266":"p","267":"\\","268":"F","269":"I","27":"U","270":"N","271":"A","272":"L","273":" ","274":"Y","275":"E","276":"A","277":"R","278":" ","279":"P","28":"s","280":"R","281":"O","282":"J","283":"E","284":"C","285":"T","286":"\\","287":"s","288":"e","289":"c","29":"e","290":"u","291":"r","292":"i","293":"t","294":"y","295":"-","296":"d","297":"a","298":"s","299":"h","3":"m","30":"r","300":"b","301":"o","302":"a","303":"r","304":"d","305":"-","306":"m","307":"v","308":"p","309":"-","31":"s","310":"e","311":"x","312":"e","313":"c","314":"-","315":"f","316":"r","317":"i","318":"e","319":"n","32":"\\","320":"d","321":"l","322":"y","323":"\\","324":"a","325":"s","326":"s","327":"e","328":"t","329":"-","33":"h","330":"p","331":"o","332":"p","333":"u","334":"l","335":"a","336":"t","337":"i","338":"o","339":"n","34":"a","340":"\\","341":"a","342":"d","343":"_","344":"s","345":"y","346":"n","347":"c","348":"_","349":"o","35":"r","350":"u","351":"t","352":"p","353":"u","354":"t","355":".","356":"j","357":"s","358":"o","359":"n","36":"y","360":"\"","361":"\n","37":"p","38":"\\","39":"D","4":"a","40":"e","41":"s","42":"k","43":"t","44":"o","45":"p","46":"\\","47":"F","48":"I","49":"N","5":"n","50":"A","51":"L","52":" ","53":"Y","54":"E","55":"A","56":"R","57":" ","58":"P","59":"R","6":"d","60":"O","61":"J","62":"E","63":"C","64":"T","65":"\\","66":"s","67":"e","68":"c","69":"u","7":" ","70":"r","71":"i","72":"t","73":"y","74":"-","75":"d","76":"a","77":"s","78":"h","79":"b","8":"f","80":"o","81":"a","82":"r","83":"d","84":"-","85":"m","86":"v","87":"p","88":"-","89":"e","9":"a","90":"x","91":"e","92":"c","93":"-","94":"f","95":"r","96":"i","97":"e","98":"n","99":"d","level":"error","message":"Failed to run Python AD scanner:","service":"app","timestamp":"2026-01-27 19:44:29"}
{"0":"2","1":"0","10":" ","100":"4","1000":" ","1001":"R","1002":"e","1003":"s","1004":"u","1005":"l","1006":"t","1007":"s","1008":" ","1009":"s","101":":","1010":"a","1011":"v","1012":"e","1013":"d","1014":" ","1015":"t","1016":"o","1017":":","1018":" ","1019":"C","102":"0","1020":":","1021":"\\","1022":"U","1023":"s","1024":"e","1025":"r","1026":"s","1027":"\\","1028":"h","1029":"a","103":"8","1030":"r","1031":"y","1032":"p","1033":"\\","1034":"D","1035":"e","1036":"s","1037":"k","1038":"t","1039":"o","104":",","1040":"p","1041":"\\","1042":"F","1043":"I","1044":"N","1045":"A","1046":"L","1047":" ","1048":"Y","1049":"E","105":"7","1050":"A","1051":"R","1052":" ","1053":"P","1054":"R","1055":"O","1056":"J","1057":"E","1058":"C","1059":"T","106":"9","1060":"\\","1061":"s","1062":"e","1063":"c","1064":"u","1065":"r","1066":"i","1067":"t","1068":"y","1069":"-","107":"2","1070":"d","1071":"a","1072":"s","1073":"h","1074":"b","1075":"o","1076":"a","1077":"r","1078":"d","1079":"-","108":" ","1080":"m","1081":"v","1082":"p","1083":"-","1084":"e","1085":"x","1086":"e","1087":"c","1088":"-","1089":"f","109":"-","1090":"r","1091":"i","1092":"e","1093":"n","1094":"d","1095":"l","1096":"y","1097":"\\","1098":"a","1099":"s","11":"1","110":" ","1100":"s","1101":"e","1102":"t","1103":"-","1104":"p","1105":"o","1106":"p","1107":"u","1108":"l","1109":"a","111":"I","1110":"t","1111":"i","1112":"o","1113":"n","1114":"\\","1115":"a","1116":"d","1117":"_","1118":"s","1119":"y","112":"N","1120":"n","1121":"c","1122":"_","1123":"o","1124":"u","1125":"t","1126":"p","1127":"u","1128":"t","1129":".","113":"F","1130":"j","1131":"s","1132":"o","1133":"n","1134":"\r","1135":"\n","1136":"2","1137":"0","1138":"2","1139":"6","114":"O","1140":"-","1141":"0","1142":"1","1143":"-","1144":"2","1145":"7","1146":" ","1147":"1","1148":"9","1149":":","115":" ","1150":"4","1151":"4","1152":":","1153":"2","1154":"9","1155":",","1156":"7","1157":"9","1158":"8","1159":" ","116":"-","1160":"-","1161":" ","1162":"W","1163":"A","1164":"R","1165":"N","1166":"I","1167":"N","1168":"G","1169":" ","117":" ","1170":"-","1171":" ","1172":"N","1173":"o","1174":" ","1175":"a","1176":"s","1177":"s","1178":"e","1179":"t","118":"D","1180":"s","1181":" ","1182":"w","1183":"e","1184":"r","1185":"e","1186":" ","1187":"s","1188":"c","1189":"a","119":"o","1190":"n","1191":"n","1192":"e","1193":"d","1194":"\r","1195":"\n","12":"9","120":"m","121":"a","122":"i","123":"n","124":" ","125":"C","126":"o","127":"n","128":"t","129":"r","13":":","130":"o","131":"l","132":"l","133":"e","134":"r","135":":","136":" ","137":"1","138":"9","139":"2","14":"4","140":".","141":"1","142":"6","143":"8","144":".","145":"1","146":"8","147":".","148":"1","149":"0","15":"4","150":"0","151":"\r","152":"\n","153":"2","154":"0","155":"2","156":"6","157":"-","158":"0","159":"1","16":":","160":"-","161":"2","162":"7","163":" ","164":"1","165":"9","166":":","167":"4","168":"4","169":":","17":"0","170":"0","171":"8","172":",","173":"7","174":"9","175":"3","176":" ","177":"-","178":" ","179":"I","18":"8","180":"N","181":"F","182":"O","183":" ","184":"-","185":" ","186":"B","187":"a","188":"s","189":"e","19":",","190":" ","191":"D","192":"N","193":":","194":" ","195":"D","196":"C","197":"=","198":"m","199":"e","2":"2","20":"7","200":"e","201":"z","202":"a","203":"n","204":",","205":"D","206":"C","207":"=","208":"l","209":"o","21":"9","210":"c","211":"a","212":"l","213":"\r","214":"\n","215":"2","216":"0","217":"2","218":"6","219":"-","22":"2","220":"0","221":"1","222":"-","223":"2","224":"7","225":" ","226":"1","227":"9","228":":","229":"4","23":" ","230":"4","231":":","232":"0","233":"8","234":",","235":"7","236":"9","237":"3","238":" ","239":"-","24":"-","240":" ","241":"I","242":"N","243":"F","244":"O","245":" ","246":"-","247":" ","248":"S","249":"t","25":" ","250":"a","251":"r","252":"t","253":"i","254":"n","255":"g","256":" ","257":"f","258":"u","259":"l","26":"I","260":"l","261":" ","262":"a","263":"s","264":"s","265":"e","266":"t","267":" ","268":"s","269":"c","27":"N","270":"a","271":"n","272":".","273":".","274":".","275":"\r","276":"\n","277":"2","278":"0","279":"2","28":"F","280":"6","281":"-","282":"0","283":"1","284":"-","285":"2","286":"7","287":" ","288":"1","289":"9","29":"O","290":":","291":"4","292":"4","293":":","294":"0","295":"8","296":",","297":"7","298":"9","299":"3","3":"6","30":" ","300":" ","301":"-","302":" ","303":"I","304":"N","305":"F","306":"O","307":" ","308":"-","309":" ","31":"-","310":"C","311":"o","312":"n","313":"n","314":"e","315":"c","316":"t","317":"i","318":"n","319":"g","32":" ","320":" ","321":"t","322":"o","323":" ","324":"L","325":"D","326":"A","327":"P","328":" ","329":"s","33":"A","330":"e","331":"r","332":"v","333":"e","334":"r","335":" ","336":"a","337":"t","338":" ","339":"1","34":"s","340":"9","341":"2","342":".","343":"1","344":"6","345":"8","346":".","347":"1","348":"8","349":".","35":"s","350":"1","351":"0","352":"0","353":":","354":"3","355":"8","356":"9","357":"\r","358":"\n","359":"2","36":"e","360":"0","361":"2","362":"6","363":"-","364":"0","365":"1","366":"-","367":"2","368":"7","369":" ","37":"t","370":"1","371":"9","372":":","373":"4","374":"4","375":":","376":"2","377":"9","378":",","379":"7","38":" ","380":"9","381":"7","382":" ","383":"-","384":" ","385":"E","386":"R","387":"R","388":"O","389":"R","39":"S","390":" ","391":"-","392":" ","393":"L","394":"D","395":"A","396":"P","397":" ","398":"c","399":"o","4":"-","40":"c","400":"n","401":"n","402":"e","403":"c","404":"t","405":"i","406":"o","407":"n","408":" ","409":"f","41":"a","410":"a","411":"i","412":"l","413":"e","414":"d","415":":","416":" ","417":"s","418":"o","419":"c","42":"n","420":"k","421":"e","422":"t","423":" ","424":"c","425":"o","426":"n","427":"n","428":"e","429":"c","43":"n","430":"t","431":"i","432":"o","433":"n","434":" ","435":"e","436":"r","437":"r","438":"o","439":"r","44":"e","440":" ","441":"w","442":"h","443":"i","444":"l","445":"e","446":" ","447":"o","448":"p","449":"e","45":"r","450":"n","451":"i","452":"n","453":"g","454":":","455":" ","456":"[","457":"W","458":"i","459":"n","46":" ","460":"E","461":"r","462":"r","463":"o","464":"r","465":" ","466":"1","467":"0","468":"0","469":"6","47":"i","470":"0","471":"]","472":" ","473":"A","474":" ","475":"c","476":"o","477":"n","478":"n","479":"e","48":"n","480":"c","481":"t","482":"i","483":"o","484":"n","485":" ","486":"a","487":"t","488":"t","489":"e","49":"i","490":"m","491":"p","492":"t","493":" ","494":"f","495":"a","496":"i","497":"l","498":"e","499":"d","5":"0","50":"t","500":" ","501":"b","502":"e","503":"c","504":"a","505":"u","506":"s","507":"e","508":" ","509":"t","51":"i","510":"h","511":"e","512":" ","513":"c","514":"o","515":"n","516":"n","517":"e","518":"c","519":"t","52":"a","520":"e","521":"d","522":" ","523":"p","524":"a","525":"r","526":"t","527":"y","528":" ","529":"d","53":"l","530":"i","531":"d","532":" ","533":"n","534":"o","535":"t","536":" ","537":"p","538":"r","539":"o","54":"i","540":"p","541":"e","542":"r","543":"l","544":"y","545":" ","546":"r","547":"e","548":"s","549":"p","55":"z","550":"o","551":"n","552":"d","553":" ","554":"a","555":"f","556":"t","557":"e","558":"r","559":" ","56":"e","560":"a","561":" ","562":"p","563":"e","564":"r","565":"i","566":"o","567":"d","568":" ","569":"o","57":"d","570":"f","571":" ","572":"t","573":"i","574":"m","575":"e","576":",","577":" ","578":"o","579":"r","58":" ","580":" ","581":"e","582":"s","583":"t","584":"a","585":"b","586":"l","587":"i","588":"s","589":"h","59":"f","590":"e","591":"d","592":" ","593":"c","594":"o","595":"n","596":"n","597":"e","598":"c","599":"t","6":"1","60":"o","600":"i","601":"o","602":"n","603":" ","604":"f","605":"a","606":"i","607":"l","608":"e","609":"d","61":"r","610":" ","611":"b","612":"e","613":"c","614":"a","615":"u","616":"s","617":"e","618":" ","619":"c","62":" ","620":"o","621":"n","622":"n","623":"e","624":"c","625":"t","626":"e","627":"d","628":" ","629":"h","63":"d","630":"o","631":"s","632":"t","633":" ","634":"h","635":"a","636":"s","637":" ","638":"f","639":"a","64":"o","640":"i","641":"l","642":"e","643":"d","644":" ","645":"t","646":"o","647":" ","648":"r","649":"e","65":"m","650":"s","651":"p","652":"o","653":"n","654":"d","655":"\r","656":"\n","657":"2","658":"0","659":"2","66":"a","660":"6","661":"-","662":"0","663":"1","664":"-","665":"2","666":"7","667":" ","668":"1","669":"9","67":"i","670":":","671":"4","672":"4","673":":","674":"2","675":"9","676":",","677":"7","678":"9","679":"7","68":"n","680":" ","681":"-","682":" ","683":"E","684":"R","685":"R","686":"O","687":"R","688":" ","689":"-","69":":","690":" ","691":"F","692":"a","693":"i","694":"l","695":"e","696":"d","697":" ","698":"t","699":"o","7":"-","70":" ","700":" ","701":"r","702":"e","703":"t","704":"r","705":"i","706":"e","707":"v","708":"e","709":" ","71":"m","710":"A","711":"D","712":" ","713":"c","714":"o","715":"m","716":"p","717":"u","718":"t","719":"e","72":"e","720":"r","721":"s","722":":","723":" ","724":"s","725":"o","726":"c","727":"k","728":"e","729":"t","73":"e","730":" ","731":"c","732":"o","733":"n","734":"n","735":"e","736":"c","737":"t","738":"i","739":"o","74":"z","740":"n","741":" ","742":"e","743":"r","744":"r","745":"o","746":"r","747":" ","748":"w","749":"h","75":"a","750":"i","751":"l","752":"e","753":" ","754":"o","755":"p","756":"e","757":"n","758":"i","759":"n","76":"n","760":"g","761":":","762":" ","763":"[","764":"W","765":"i","766":"n","767":"E","768":"r","769":"r","77":".","770":"o","771":"r","772":" ","773":"1","774":"0","775":"0","776":"6","777":"0","778":"]","779":" ","78":"l","780":"A","781":" ","782":"c","783":"o","784":"n","785":"n","786":"e","787":"c","788":"t","789":"i","79":"o","790":"o","791":"n","792":" ","793":"a","794":"t","795":"t","796":"e","797":"m","798":"p","799":"t","8":"2","80":"c","800":" ","801":"f","802":"a","803":"i","804":"l","805":"e","806":"d","807":" ","808":"b","809":"e","81":"a","810":"c","811":"a","812":"u","813":"s","814":"e","815":" ","816":"t","817":"h","818":"e","819":" ","82":"l","820":"c","821":"o","822":"n","823":"n","824":"e","825":"c","826":"t","827":"e","828":"d","829":" ","83":"\r","830":"p","831":"a","832":"r","833":"t","834":"y","835":" ","836":"d","837":"i","838":"d","839":" ","84":"\n","840":"n","841":"o","842":"t","843":" ","844":"p","845":"r","846":"o","847":"p","848":"e","849":"r","85":"2","850":"l","851":"y","852":" ","853":"r","854":"e","855":"s","856":"p","857":"o","858":"n","859":"d","86":"0","860":" ","861":"a","862":"f","863":"t","864":"e","865":"r","866":" ","867":"a","868":" ","869":"p","87":"2","870":"e","871":"r","872":"i","873":"o","874":"d","875":" ","876":"o","877":"f","878":" ","879":"t","88":"6","880":"i","881":"m","882":"e","883":",","884":" ","885":"o","886":"r","887":" ","888":"e","889":"s","89":"-","890":"t","891":"a","892":"b","893":"l","894":"i","895":"s","896":"h","897":"e","898":"d","899":" ","9":"7","90":"0","900":"c","901":"o","902":"n","903":"n","904":"e","905":"c","906":"t","907":"i","908":"o","909":"n","91":"1","910":" ","911":"f","912":"a","913":"i","914":"l","915":"e","916":"d","917":" ","918":"b","919":"e","92":"-","920":"c","921":"a","922":"u","923":"s","924":"e","925":" ","926":"c","927":"o","928":"n","929":"n","93":"2","930":"e","931":"c","932":"t","933":"e","934":"d","935":" ","936":"h","937":"o","938":"s","939":"t","94":"7","940":" ","941":"h","942":"a","943":"s","944":" ","945":"f","946":"a","947":"i","948":"l","949":"e","95":" ","950":"d","951":" ","952":"t","953":"o","954":" ","955":"r","956":"e","957":"s","958":"p","959":"o","96":"1","960":"n","961":"d","962":"\r","963":"\n","964":"[","965":"]","966":"\r","967":"\n","968":"2","969":"0","97":"9","970":"2","971":"6","972":"-","973":"0","974":"1","975":"-","976":"2","977":"7","978":" ","979":"1","98":":","980":"9","981":":","982":"4","983":"4","984":":","985":"2","986":"9","987":",","988":"7","989":"9","99":"4","990":"8","991":" ","992":"-","993":" ","994":"I","995":"N","996":"F","997":"O","998":" ","999":"-","level":"info","message":"Scanner stdout:","service":"app","timestamp":"2026-01-27 19:44:29"}
{"level":"error","message":"AD Sync failed: AD Scanner failed: Command failed: python \"C:\\Users\\haryp\\Desktop\\FINAL YEAR PROJECT\\security-dashboard-mvp-exec-friendly\\asset-population\\Asset_Scanner.py\" --domain meezan.local --dc-ip 192.168.18.100 --username \"Administrator\" --password \"Password123\" --output \"C:\\Users\\haryp\\Desktop\\FINAL YEAR PROJECT\\security-dashboard-mvp-exec-friendly\\asset-population\\ad_sync_output.json\"\n","service":"app","stack":"Error: AD Scanner failed: Command failed: python \"C:\\Users\\haryp\\Desktop\\FINAL YEAR PROJECT\\security-dashboard-mvp-exec-friendly\\asset-population\\Asset_Scanner.py\" --domain meezan.local --dc-ip 192.168.18.100 --username \"Administrator\" --password \"Password123\" --output \"C:\\Users\\haryp\\Desktop\\FINAL YEAR PROJECT\\security-dashboard-mvp-exec-friendly\\asset-population\\ad_sync_output.json\"\n\n    at ADSyncService.getComputersFromAD (C:\\Users\\haryp\\Desktop\\FINAL YEAR PROJECT\\security-dashboard-mvp-exec-friendly\\backend\\src\\services\\ad-sync.service.ts:123:13)\n    at process.processTicksAndRejections (node:internal/process/task_queues:95:5)\n    at async ADSyncService.syncFromAD (C:\\Users\\haryp\\Desktop\\FINAL YEAR PROJECT\\security-dashboard-mvp-exec-friendly\\backend\\src\\services\\ad-sync.service.ts:36:25)\n    at async <anonymous> (C:\\Users\\haryp\\Desktop\\FINAL YEAR PROJECT\\security-dashboard-mvp-exec-friendly\\backend\\src\\routes\\ad-sync.routes.ts:13:20)","timestamp":"2026-01-27 19:44:29"}
{"level":"info","message":{"duration":"22225ms","ip":"::1","method":"POST","path":"/sync","status":200},"service":"app","timestamp":"2026-01-27 19:44:29"}
{"level":"info","message":{"duration":"406ms","ip":"::1","method":"GET","path":"/public","status":200},"service":"app","timestamp":"2026-01-27 19:44:33"}
{"level":"info","message":{"duration":"1ms","ip":"::1","method":"GET","path":"/","status":401},"service":"app","timestamp":"2026-01-27 19:44:33"}
{"level":"info","message":{"duration":"405ms","ip":"::1","method":"GET","path":"/public","status":200},"service":"app","timestamp":"2026-01-27 19:44:52"}
{"level":"info","message":{"duration":"1ms","ip":"::1","method":"GET","path":"/","status":401},"service":"app","timestamp":"2026-01-27 19:44:52"}
{"level":"info","message":{"duration":"404ms","ip":"::1","method":"GET","path":"/public","status":200},"service":"app","timestamp":"2026-01-27 19:45:52"}
{"level":"info","message":{"duration":"2ms","ip":"::1","method":"GET","path":"/","status":401},"service":"app","timestamp":"2026-01-27 19:45:52"}
{"level":"info","message":{"duration":"403ms","ip":"::1","method":"GET","path":"/public","status":200},"service":"app","timestamp":"2026-01-27 19:47:11"}
{"level":"info","message":{"duration":"1ms","ip":"::1","method":"GET","path":"/","status":401},"service":"app","timestamp":"2026-01-27 19:47:11"}
{"level":"info","message":{"duration":"404ms","ip":"::1","method":"GET","path":"/public","status":200},"service":"app","timestamp":"2026-01-27 19:48:11"}
{"level":"info","message":{"duration":"0ms","ip":"::1","method":"GET","path":"/","status":401},"service":"app","timestamp":"2026-01-27 19:48:11"}
{"level":"info","message":{"duration":"404ms","ip":"::1","method":"GET","path":"/public","status":200},"service":"app","timestamp":"2026-01-27 19:49:11"}
{"level":"info","message":{"duration":"1ms","ip":"::1","method":"GET","path":"/","status":401},"service":"app","timestamp":"2026-01-27 19:49:11"}
{"level":"info","message":{"duration":"406ms","ip":"::1","method":"GET","path":"/public","status":200},"service":"app","timestamp":"2026-01-27 19:50:11"}
{"level":"info","message":{"duration":"1ms","ip":"::1","method":"GET","path":"/","status":401},"service":"app","timestamp":"2026-01-27 19:50:11"}
{"level":"info","message":{"duration":"404ms","ip":"::1","method":"GET","path":"/public","status":200},"service":"app","timestamp":"2026-01-27 19:51:11"}
{"level":"info","message":{"duration":"0ms","ip":"::1","method":"GET","path":"/","status":401},"service":"app","timestamp":"2026-01-27 19:51:11"}
{"level":"info","message":{"duration":"404ms","ip":"::1","method":"GET","path":"/public","status":200},"service":"app","timestamp":"2026-01-27 19:52:11"}
{"level":"info","message":{"duration":"1ms","ip":"::1","method":"GET","path":"/","status":401},"service":"app","timestamp":"2026-01-27 19:52:11"}
{"level":"info","message":{"duration":"403ms","ip":"::1","method":"GET","path":"/public","status":200},"service":"app","timestamp":"2026-01-27 19:53:11"}
{"level":"info","message":{"duration":"1ms","ip":"::1","method":"GET","path":"/","status":401},"service":"app","timestamp":"2026-01-27 19:53:11"}
{"level":"info","message":{"duration":"404ms","ip":"::1","method":"GET","path":"/public","status":200},"service":"app","timestamp":"2026-01-27 19:54:11"}
{"level":"info","message":{"duration":"1ms","ip":"::1","method":"GET","path":"/","status":401},"service":"app","timestamp":"2026-01-27 19:54:11"}
{"level":"info","message":{"duration":"407ms","ip":"::1","method":"GET","path":"/public","status":200},"service":"app","timestamp":"2026-01-27 19:55:11"}
{"level":"info","message":{"duration":"0ms","ip":"::1","method":"GET","path":"/","status":401},"service":"app","timestamp":"2026-01-27 19:55:11"}
{"level":"info","message":{"duration":"408ms","ip":"::1","method":"GET","path":"/public","status":200},"service":"app","timestamp":"2026-01-27 19:56:11"}
{"level":"info","message":{"duration":"2ms","ip":"::1","method":"GET","path":"/","status":401},"service":"app","timestamp":"2026-01-27 19:56:12"}
{"level":"info","message":{"duration":"403ms","ip":"::1","method":"GET","path":"/public","status":200},"service":"app","timestamp":"2026-01-27 19:57:11"}
{"level":"info","message":{"duration":"1ms","ip":"::1","method":"GET","path":"/","status":401},"service":"app","timestamp":"2026-01-27 19:57:11"}
{"level":"info","message":{"duration":"403ms","ip":"::1","method":"GET","path":"/public","status":200},"service":"app","timestamp":"2026-01-27 19:58:11"}
{"level":"info","message":{"duration":"0ms","ip":"::1","method":"GET","path":"/","status":401},"service":"app","timestamp":"2026-01-27 19:58:11"}
{"level":"info","message":{"duration":"406ms","ip":"::1","method":"GET","path":"/public","status":200},"service":"app","timestamp":"2026-01-27 19:59:11"}
{"level":"info","message":{"duration":"0ms","ip":"::1","method":"GET","path":"/","status":401},"service":"app","timestamp":"2026-01-27 19:59:11"}
{"level":"info","message":{"duration":"402ms","ip":"::1","method":"GET","path":"/public","status":200},"service":"app","timestamp":"2026-01-27 20:00:11"}
{"level":"info","message":{"duration":"1ms","ip":"::1","method":"GET","path":"/","status":401},"service":"app","timestamp":"2026-01-27 20:00:11"}
{"level":"info","message":{"duration":"404ms","ip":"::1","method":"GET","path":"/public","status":200},"service":"app","timestamp":"2026-01-27 20:01:11"}
{"level":"info","message":{"duration":"1ms","ip":"::1","method":"GET","path":"/","status":401},"service":"app","timestamp":"2026-01-27 20:01:11"}
{"level":"info","message":{"duration":"404ms","ip":"::1","method":"GET","path":"/public","status":200},"service":"app","timestamp":"2026-01-27 20:02:11"}
{"level":"info","message":{"duration":"1ms","ip":"::1","method":"GET","path":"/","status":401},"service":"app","timestamp":"2026-01-27 20:02:11"}
{"level":"info","message":{"duration":"402ms","ip":"::1","method":"GET","path":"/public","status":200},"service":"app","timestamp":"2026-01-27 20:03:11"}
{"level":"info","message":{"duration":"1ms","ip":"::1","method":"GET","path":"/","status":401},"service":"app","timestamp":"2026-01-27 20:03:11"}
{"level":"info","message":{"duration":"403ms","ip":"::1","method":"GET","path":"/public","status":200},"service":"app","timestamp":"2026-01-27 20:04:11"}
{"level":"info","message":{"duration":"0ms","ip":"::1","method":"GET","path":"/","status":401},"service":"app","timestamp":"2026-01-27 20:04:11"}
{"level":"info","message":{"duration":"403ms","ip":"::1","method":"GET","path":"/public","status":200},"service":"app","timestamp":"2026-01-27 20:05:11"}
{"level":"info","message":{"duration":"1ms","ip":"::1","method":"GET","path":"/","status":401},"service":"app","timestamp":"2026-01-27 20:05:11"}
{"level":"info","message":{"duration":"411ms","ip":"::1","method":"GET","path":"/public","status":200},"service":"app","timestamp":"2026-01-27 20:06:11"}
{"level":"info","message":{"duration":"3ms","ip":"::1","method":"GET","path":"/","status":401},"service":"app","timestamp":"2026-01-27 20:06:12"}
{"level":"info","message":{"duration":"403ms","ip":"::1","method":"GET","path":"/public","status":200},"service":"app","timestamp":"2026-01-27 20:07:11"}
{"level":"info","message":{"duration":"1ms","ip":"::1","method":"GET","path":"/","status":401},"service":"app","timestamp":"2026-01-27 20:07:11"}
{"level":"info","message":{"duration":"404ms","ip":"::1","method":"GET","path":"/public","status":200},"service":"app","timestamp":"2026-01-27 20:08:11"}
{"level":"info","message":{"duration":"1ms","ip":"::1","method":"GET","path":"/","status":401},"service":"app","timestamp":"2026-01-27 20:08:11"}
{"level":"info","message":{"duration":"404ms","ip":"::1","method":"GET","path":"/public","status":200},"service":"app","timestamp":"2026-01-27 20:09:11"}
{"level":"info","message":{"duration":"1ms","ip":"::1","method":"GET","path":"/","status":401},"service":"app","timestamp":"2026-01-27 20:09:11"}
{"level":"info","message":{"duration":"403ms","ip":"::1","method":"GET","path":"/public","status":200},"service":"app","timestamp":"2026-01-27 20:10:11"}
{"level":"info","message":{"duration":"1ms","ip":"::1","method":"GET","path":"/","status":401},"service":"app","timestamp":"2026-01-27 20:10:11"}
{"level":"info","message":{"duration":"403ms","ip":"::1","method":"GET","path":"/public","status":200},"service":"app","timestamp":"2026-01-27 20:11:11"}
{"level":"info","message":{"duration":"1ms","ip":"::1","method":"GET","path":"/","status":401},"service":"app","timestamp":"2026-01-27 20:11:11"}
{"level":"info","message":{"duration":"408ms","ip":"::1","method":"GET","path":"/public","status":200},"service":"app","timestamp":"2026-01-27 20:12:12"}
{"level":"info","message":{"duration":"1ms","ip":"::1","method":"GET","path":"/","status":401},"service":"app","timestamp":"2026-01-27 20:12:12"}
{"level":"info","message":{"duration":"407ms","ip":"::1","method":"GET","path":"/public","status":200},"service":"app","timestamp":"2026-01-27 20:13:11"}
{"level":"info","message":{"duration":"1ms","ip":"::1","method":"GET","path":"/","status":401},"service":"app","timestamp":"2026-01-27 20:13:12"}
{"level":"info","message":{"duration":"403ms","ip":"::1","method":"GET","path":"/public","status":200},"service":"app","timestamp":"2026-01-27 20:14:11"}
{"level":"info","message":{"duration":"1ms","ip":"::1","method":"GET","path":"/","status":401},"service":"app","timestamp":"2026-01-27 20:14:11"}
{"level":"info","message":{"duration":"411ms","ip":"::1","method":"GET","path":"/public","status":200},"service":"app","timestamp":"2026-01-27 20:15:11"}
{"level":"info","message":{"duration":"2ms","ip":"::1","method":"GET","path":"/","status":401},"service":"app","timestamp":"2026-01-27 20:15:12"}
{"level":"info","message":{"duration":"408ms","ip":"::1","method":"GET","path":"/public","status":200},"service":"app","timestamp":"2026-01-27 20:16:12"}
{"level":"info","message":{"duration":"2ms","ip":"::1","method":"GET","path":"/","status":401},"service":"app","timestamp":"2026-01-27 20:16:12"}
{"level":"info","message":{"duration":"405ms","ip":"::1","method":"GET","path":"/public","status":200},"service":"app","timestamp":"2026-01-27 20:17:11"}
{"level":"info","message":{"duration":"0ms","ip":"::1","method":"GET","path":"/","status":401},"service":"app","timestamp":"2026-01-27 20:17:11"}
{"level":"info","message":{"duration":"406ms","ip":"::1","method":"GET","path":"/public","status":200},"service":"app","timestamp":"2026-01-27 20:18:11"}
{"level":"info","message":{"duration":"0ms","ip":"::1","method":"GET","path":"/","status":401},"service":"app","timestamp":"2026-01-27 20:18:11"}
{"level":"info","message":{"duration":"403ms","ip":"::1","method":"GET","path":"/public","status":200},"service":"app","timestamp":"2026-01-27 20:19:11"}
{"level":"info","message":{"duration":"0ms","ip":"::1","method":"GET","path":"/","status":401},"service":"app","timestamp":"2026-01-27 20:19:11"}
{"level":"info","message":{"duration":"405ms","ip":"::1","method":"GET","path":"/public","status":200},"service":"app","timestamp":"2026-01-27 20:20:11"}
{"level":"info","message":{"duration":"1ms","ip":"::1","method":"GET","path":"/","status":401},"service":"app","timestamp":"2026-01-27 20:20:11"}
{"level":"info","message":{"duration":"404ms","ip":"::1","method":"GET","path":"/public","status":200},"service":"app","timestamp":"2026-01-27 20:21:11"}
{"level":"info","message":{"duration":"1ms","ip":"::1","method":"GET","path":"/","status":401},"service":"app","timestamp":"2026-01-27 20:21:11"}
{"level":"info","message":{"duration":"403ms","ip":"::1","method":"GET","path":"/public","status":200},"service":"app","timestamp":"2026-01-27 20:22:11"}
{"level":"info","message":{"duration":"1ms","ip":"::1","method":"GET","path":"/","status":401},"service":"app","timestamp":"2026-01-27 20:22:11"}
{"level":"info","message":{"duration":"406ms","ip":"::1","method":"GET","path":"/public","status":200},"service":"app","timestamp":"2026-01-27 20:23:12"}
{"level":"info","message":{"duration":"1ms","ip":"::1","method":"GET","path":"/","status":401},"service":"app","timestamp":"2026-01-27 20:23:12"}
{"level":"info","message":{"duration":"405ms","ip":"::1","method":"GET","path":"/public","status":200},"service":"app","timestamp":"2026-01-27 20:24:11"}
{"level":"info","message":{"duration":"1ms","ip":"::1","method":"GET","path":"/","status":401},"service":"app","timestamp":"2026-01-27 20:24:11"}
{"level":"info","message":{"duration":"403ms","ip":"::1","method":"GET","path":"/public","status":200},"service":"app","timestamp":"2026-01-27 20:25:11"}
{"level":"info","message":{"duration":"1ms","ip":"::1","method":"GET","path":"/","status":401},"service":"app","timestamp":"2026-01-27 20:25:11"}
{"level":"info","message":{"duration":"403ms","ip":"::1","method":"GET","path":"/public","status":200},"service":"app","timestamp":"2026-01-27 20:26:11"}
{"level":"info","message":{"duration":"3ms","ip":"::1","method":"GET","path":"/","status":401},"service":"app","timestamp":"2026-01-27 20:26:12"}
{"level":"info","message":{"duration":"404ms","ip":"::1","method":"GET","path":"/public","status":200},"service":"app","timestamp":"2026-01-27 20:27:11"}
{"level":"info","message":{"duration":"1ms","ip":"::1","method":"GET","path":"/","status":401},"service":"app","timestamp":"2026-01-27 20:27:11"}
{"level":"info","message":{"duration":"405ms","ip":"::1","method":"GET","path":"/public","status":200},"service":"app","timestamp":"2026-01-27 20:28:11"}
{"level":"info","message":{"duration":"0ms","ip":"::1","method":"GET","path":"/","status":401},"service":"app","timestamp":"2026-01-27 20:28:11"}
{"level":"info","message":{"duration":"404ms","ip":"::1","method":"GET","path":"/public","status":200},"service":"app","timestamp":"2026-01-27 20:29:11"}
{"level":"info","message":{"duration":"1ms","ip":"::1","method":"GET","path":"/","status":401},"service":"app","timestamp":"2026-01-27 20:29:11"}
{"level":"info","message":{"duration":"404ms","ip":"::1","method":"GET","path":"/public","status":200},"service":"app","timestamp":"2026-01-27 20:30:11"}
{"level":"info","message":{"duration":"1ms","ip":"::1","method":"GET","path":"/","status":401},"service":"app","timestamp":"2026-01-27 20:30:11"}
{"level":"info","message":{"duration":"403ms","ip":"::1","method":"GET","path":"/public","status":200},"service":"app","timestamp":"2026-01-27 20:31:11"}
{"level":"info","message":{"duration":"1ms","ip":"::1","method":"GET","path":"/","status":401},"service":"app","timestamp":"2026-01-27 20:31:11"}
{"level":"info","message":{"duration":"406ms","ip":"::1","method":"GET","path":"/public","status":200},"service":"app","timestamp":"2026-01-27 20:32:11"}
{"level":"info","message":{"duration":"1ms","ip":"::1","method":"GET","path":"/","status":401},"service":"app","timestamp":"2026-01-27 20:32:11"}
{"level":"info","message":{"duration":"404ms","ip":"::1","method":"GET","path":"/public","status":200},"service":"app","timestamp":"2026-01-27 20:33:12"}
{"level":"info","message":{"duration":"2ms","ip":"::1","method":"GET","path":"/","status":401},"service":"app","timestamp":"2026-01-27 20:33:12"}
{"level":"info","message":{"duration":"423ms","ip":"::1","method":"GET","path":"/public","status":200},"service":"app","timestamp":"2026-01-27 20:34:12"}
{"level":"info","message":{"duration":"1ms","ip":"::1","method":"GET","path":"/","status":401},"service":"app","timestamp":"2026-01-27 20:34:12"}
{"level":"info","message":{"duration":"405ms","ip":"::1","method":"GET","path":"/public","status":200},"service":"app","timestamp":"2026-01-27 20:35:11"}
{"level":"info","message":{"duration":"1ms","ip":"::1","method":"GET","path":"/","status":401},"service":"app","timestamp":"2026-01-27 20:35:11"}
{"level":"info","message":{"duration":"405ms","ip":"::1","method":"GET","path":"/public","status":200},"service":"app","timestamp":"2026-01-27 20:36:11"}
{"level":"info","message":{"duration":"1ms","ip":"::1","method":"GET","path":"/","status":401},"service":"app","timestamp":"2026-01-27 20:36:11"}
{"level":"info","message":{"duration":"404ms","ip":"::1","method":"GET","path":"/public","status":200},"service":"app","timestamp":"2026-01-27 20:37:11"}
{"level":"info","message":{"duration":"1ms","ip":"::1","method":"GET","path":"/","status":401},"service":"app","timestamp":"2026-01-27 20:37:11"}
{"level":"info","message":{"duration":"404ms","ip":"::1","method":"GET","path":"/public","status":200},"service":"app","timestamp":"2026-01-27 20:38:11"}
{"level":"info","message":{"duration":"0ms","ip":"::1","method":"GET","path":"/","status":401},"service":"app","timestamp":"2026-01-27 20:38:11"}
{"level":"info","message":{"duration":"407ms","ip":"::1","method":"GET","path":"/public","status":200},"service":"app","timestamp":"2026-01-27 20:38:56"}
{"level":"info","message":{"duration":"1ms","ip":"::1","method":"GET","path":"/","status":401},"service":"app","timestamp":"2026-01-27 20:38:56"}
{"level":"info","message":{"duration":"404ms","ip":"::1","method":"GET","path":"/public","status":200},"service":"app","timestamp":"2026-01-27 20:39:52"}
{"level":"info","message":{"duration":"1ms","ip":"::1","method":"GET","path":"/","status":401},"service":"app","timestamp":"2026-01-27 20:39:52"}
{"level":"info","message":{"duration":"404ms","ip":"::1","method":"GET","path":"/public","status":200},"service":"app","timestamp":"2026-01-27 20:41:11"}
{"level":"info","message":{"duration":"1ms","ip":"::1","method":"GET","path":"/","status":401},"service":"app","timestamp":"2026-01-27 20:41:11"}
{"level":"info","message":{"duration":"407ms","ip":"::1","method":"GET","path":"/public","status":200},"service":"app","timestamp":"2026-01-27 20:41:52"}
{"level":"info","message":{"duration":"2ms","ip":"::1","method":"GET","path":"/","status":401},"service":"app","timestamp":"2026-01-27 20:41:52"}
{"level":"info","message":{"duration":"405ms","ip":"::1","method":"GET","path":"/public","status":200},"service":"app","timestamp":"2026-01-27 20:42:52"}
{"level":"info","message":{"duration":"2ms","ip":"::1","method":"GET","path":"/","status":401},"service":"app","timestamp":"2026-01-27 20:42:52"}
{"level":"info","message":{"duration":"411ms","ip":"::1","method":"GET","path":"/public","status":200},"service":"app","timestamp":"2026-01-27 20:43:52"}
{"level":"info","message":{"duration":"1ms","ip":"::1","method":"GET","path":"/","status":401},"service":"app","timestamp":"2026-01-27 20:43:52"}
{"level":"info","message":{"duration":"407ms","ip":"::1","method":"GET","path":"/public","status":200},"service":"app","timestamp":"2026-01-27 20:44:52"}
{"level":"info","message":{"duration":"3ms","ip":"::1","method":"GET","path":"/","status":401},"service":"app","timestamp":"2026-01-27 20:44:52"}
{"level":"info","message":{"duration":"407ms","ip":"::1","method":"GET","path":"/public","status":200},"service":"app","timestamp":"2026-01-27 20:45:52"}
{"level":"info","message":{"duration":"1ms","ip":"::1","method":"GET","path":"/","status":401},"service":"app","timestamp":"2026-01-27 20:45:52"}
{"level":"info","message":{"duration":"407ms","ip":"::1","method":"GET","path":"/public","status":200},"service":"app","timestamp":"2026-01-27 20:46:52"}
{"level":"info","message":{"duration":"1ms","ip":"::1","method":"GET","path":"/","status":401},"service":"app","timestamp":"2026-01-27 20:46:53"}
{"level":"info","message":{"duration":"407ms","ip":"::1","method":"GET","path":"/public","status":200},"service":"app","timestamp":"2026-01-27 20:48:11"}
{"level":"info","message":{"duration":"1ms","ip":"::1","method":"GET","path":"/","status":401},"service":"app","timestamp":"2026-01-27 20:48:11"}
{"level":"info","message":{"duration":"409ms","ip":"::1","method":"GET","path":"/public","status":200},"service":"app","timestamp":"2026-01-27 20:48:28"}
{"level":"info","message":{"duration":"1ms","ip":"::1","method":"GET","path":"/","status":401},"service":"app","timestamp":"2026-01-27 20:48:28"}
{"level":"info","message":"AD sync triggered via API","service":"app","timestamp":"2026-01-27 20:48:30"}
{"level":"info","message":"Starting Active Directory sync...","service":"app","timestamp":"2026-01-27 20:48:30"}
{"level":"info","message":"Running Python AD scanner from: C:\\Users\\haryp\\Desktop\\FINAL YEAR PROJECT\\security-dashboard-mvp-exec-friendly\\asset-population\\Asset_Scanner.py","service":"app","timestamp":"2026-01-27 20:48:30"}
{"level":"info","message":"Python scanner completed","service":"app","timestamp":"2026-01-27 20:48:45"}
{"level":"info","message":"Python scanner found 1 computers","service":"app","timestamp":"2026-01-27 20:48:45"}
{"level":"info","message":"Found 1 computers in Active Directory","service":"app","timestamp":"2026-01-27 20:48:45"}
{"level":"info","message":"Imported asset: LAPPY","service":"app","timestamp":"2026-01-27 20:48:45"}
{"level":"info","message":"AD Sync complete. Imported 1 assets","service":"app","timestamp":"2026-01-27 20:48:45"}
{"level":"info","message":{"duration":"15269ms","ip":"::1","method":"POST","path":"/sync","status":200},"service":"app","timestamp":"2026-01-27 20:48:45"}
{"level":"info","message":{"duration":"403ms","ip":"::1","method":"GET","path":"/public","status":200},"service":"app","timestamp":"2026-01-27 20:48:46"}
{"level":"info","message":{"duration":"1ms","ip":"::1","method":"GET","path":"/","status":401},"service":"app","timestamp":"2026-01-27 20:48:46"}
{"level":"info","message":{"duration":"403ms","ip":"::1","method":"GET","path":"/public","status":200},"service":"app","timestamp":"2026-01-27 20:48:52"}
{"level":"info","message":{"duration":"1ms","ip":"::1","method":"GET","path":"/","status":401},"service":"app","timestamp":"2026-01-27 20:48:52"}
{"level":"info","message":{"duration":"404ms","ip":"::1","method":"GET","path":"/public","status":200},"service":"app","timestamp":"2026-01-27 20:50:11"}
{"level":"info","message":{"duration":"1ms","ip":"::1","method":"GET","path":"/","status":401},"service":"app","timestamp":"2026-01-27 20:50:11"}
{"level":"info","message":{"duration":"419ms","ip":"::1","method":"GET","path":"/public","status":200},"service":"app","timestamp":"2026-01-27 20:50:53"}
{"level":"info","message":{"duration":"1ms","ip":"::1","method":"GET","path":"/","status":401},"service":"app","timestamp":"2026-01-27 20:50:53"}
{"level":"info","message":{"duration":"409ms","ip":"::1","method":"GET","path":"/public","status":200},"service":"app","timestamp":"2026-01-27 20:51:52"}
{"level":"info","message":{"duration":"1ms","ip":"::1","method":"GET","path":"/","status":401},"service":"app","timestamp":"2026-01-27 20:51:53"}
{"level":"info","message":{"duration":"416ms","ip":"::1","method":"GET","path":"/public","status":200},"service":"app","timestamp":"2026-01-27 20:53:06"}
{"level":"info","message":{"duration":"2ms","ip":"::1","method":"GET","path":"/","status":401},"service":"app","timestamp":"2026-01-27 20:53:06"}
{"level":"info","message":"AD sync triggered via API","service":"app","timestamp":"2026-01-27 20:53:09"}
{"level":"info","message":"Starting Active Directory sync...","service":"app","timestamp":"2026-01-27 20:53:09"}
{"level":"info","message":"Running Python AD scanner from: C:\\Users\\haryp\\Desktop\\FINAL YEAR PROJECT\\security-dashboard-mvp-exec-friendly\\asset-population\\Asset_Scanner.py","service":"app","timestamp":"2026-01-27 20:53:09"}
{"level":"info","message":"Python scanner completed","service":"app","timestamp":"2026-01-27 20:53:24"}
{"level":"info","message":"Python scanner found 1 computers","service":"app","timestamp":"2026-01-27 20:53:24"}
{"level":"info","message":"Found 1 computers in Active Directory","service":"app","timestamp":"2026-01-27 20:53:24"}
{"level":"info","message":"Imported asset: LAPPY","service":"app","timestamp":"2026-01-27 20:53:25"}
{"level":"info","message":"AD Sync complete. Imported 1 assets","service":"app","timestamp":"2026-01-27 20:53:25"}
{"level":"info","message":{"duration":"15017ms","ip":"::1","method":"POST","path":"/sync","status":200},"service":"app","timestamp":"2026-01-27 20:53:25"}
{"level":"info","message":{"duration":"408ms","ip":"::1","method":"GET","path":"/public","status":200},"service":"app","timestamp":"2026-01-27 20:53:25"}
{"level":"info","message":{"duration":"3ms","ip":"::1","method":"GET","path":"/","status":401},"service":"app","timestamp":"2026-01-27 20:53:25"}
{"level":"info","message":{"duration":"409ms","ip":"::1","method":"GET","path":"/public","status":200},"service":"app","timestamp":"2026-01-27 20:53:52"}
{"level":"info","message":{"duration":"1ms","ip":"::1","method":"GET","path":"/","status":401},"service":"app","timestamp":"2026-01-27 20:53:53"}
{"level":"info","message":{"duration":"415ms","ip":"::1","method":"GET","path":"/public","status":200},"service":"app","timestamp":"2026-01-27 20:54:53"}
{"level":"info","message":{"duration":"1ms","ip":"::1","method":"GET","path":"/","status":401},"service":"app","timestamp":"2026-01-27 20:54:53"}
{"level":"info","message":{"duration":"409ms","ip":"::1","method":"GET","path":"/public","status":200},"service":"app","timestamp":"2026-01-27 20:56:11"}
{"level":"info","message":{"duration":"1ms","ip":"::1","method":"GET","path":"/","status":401},"service":"app","timestamp":"2026-01-27 20:56:11"}
{"level":"info","message":{"duration":"405ms","ip":"::1","method":"GET","path":"/public","status":200},"service":"app","timestamp":"2026-01-27 20:57:11"}
{"level":"info","message":{"duration":"0ms","ip":"::1","method":"GET","path":"/","status":401},"service":"app","timestamp":"2026-01-27 20:57:11"}
{"level":"info","message":{"duration":"403ms","ip":"::1","method":"GET","path":"/public","status":200},"service":"app","timestamp":"2026-01-27 20:58:11"}
{"level":"info","message":{"duration":"1ms","ip":"::1","method":"GET","path":"/","status":401},"service":"app","timestamp":"2026-01-27 20:58:11"}
{"level":"info","message":{"duration":"404ms","ip":"::1","method":"GET","path":"/public","status":200},"service":"app","timestamp":"2026-01-27 20:59:11"}
{"level":"info","message":{"duration":"1ms","ip":"::1","method":"GET","path":"/","status":401},"service":"app","timestamp":"2026-01-27 20:59:11"}
{"level":"info","message":{"duration":"403ms","ip":"::1","method":"GET","path":"/public","status":200},"service":"app","timestamp":"2026-01-27 21:00:11"}
{"level":"info","message":{"duration":"1ms","ip":"::1","method":"GET","path":"/","status":401},"service":"app","timestamp":"2026-01-27 21:00:11"}
{"level":"info","message":{"duration":"409ms","ip":"::1","method":"GET","path":"/public","status":200},"service":"app","timestamp":"2026-01-27 21:01:12"}
{"level":"info","message":{"duration":"1ms","ip":"::1","method":"GET","path":"/","status":401},"service":"app","timestamp":"2026-01-27 21:01:12"}
{"level":"info","message":{"duration":"406ms","ip":"::1","method":"GET","path":"/public","status":200},"service":"app","timestamp":"2026-01-27 21:02:11"}
{"level":"info","message":{"duration":"1ms","ip":"::1","method":"GET","path":"/","status":401},"service":"app","timestamp":"2026-01-27 21:02:11"}
{"level":"info","message":{"duration":"405ms","ip":"::1","method":"GET","path":"/public","status":200},"service":"app","timestamp":"2026-01-27 21:03:11"}
{"level":"info","message":{"duration":"1ms","ip":"::1","method":"GET","path":"/","status":401},"service":"app","timestamp":"2026-01-27 21:03:11"}
{"level":"info","message":{"duration":"405ms","ip":"::1","method":"GET","path":"/public","status":200},"service":"app","timestamp":"2026-01-27 21:04:11"}
{"level":"info","message":{"duration":"1ms","ip":"::1","method":"GET","path":"/","status":401},"service":"app","timestamp":"2026-01-27 21:04:11"}
{"level":"info","message":{"duration":"408ms","ip":"::1","method":"GET","path":"/public","status":200},"service":"app","timestamp":"2026-01-27 21:05:11"}
{"level":"info","message":{"duration":"1ms","ip":"::1","method":"GET","path":"/","status":401},"service":"app","timestamp":"2026-01-27 21:05:11"}
{"level":"info","message":{"duration":"406ms","ip":"::1","method":"GET","path":"/public","status":200},"service":"app","timestamp":"2026-01-27 21:06:11"}
{"level":"info","message":{"duration":"1ms","ip":"::1","method":"GET","path":"/","status":401},"service":"app","timestamp":"2026-01-27 21:06:12"}
{"level":"info","message":{"duration":"408ms","ip":"::1","method":"GET","path":"/public","status":200},"service":"app","timestamp":"2026-01-27 21:07:11"}
{"level":"info","message":{"duration":"2ms","ip":"::1","method":"GET","path":"/","status":401},"service":"app","timestamp":"2026-01-27 21:07:12"}
{"level":"info","message":{"duration":"405ms","ip":"::1","method":"GET","path":"/public","status":200},"service":"app","timestamp":"2026-01-27 21:08:11"}
{"level":"info","message":{"duration":"1ms","ip":"::1","method":"GET","path":"/","status":401},"service":"app","timestamp":"2026-01-27 21:08:11"}
{"level":"info","message":{"duration":"403ms","ip":"::1","method":"GET","path":"/public","status":200},"service":"app","timestamp":"2026-01-27 21:09:11"}
{"level":"info","message":{"duration":"0ms","ip":"::1","method":"GET","path":"/","status":401},"service":"app","timestamp":"2026-01-27 21:09:11"}
{"level":"info","message":{"duration":"404ms","ip":"::1","method":"GET","path":"/public","status":200},"service":"app","timestamp":"2026-01-27 21:10:11"}
{"level":"info","message":{"duration":"0ms","ip":"::1","method":"GET","path":"/","status":401},"service":"app","timestamp":"2026-01-27 21:10:11"}
{"level":"info","message":"AD sync triggered via API","service":"app","timestamp":"2026-01-27 21:10:29"}
{"level":"info","message":"Starting Active Directory sync...","service":"app","timestamp":"2026-01-27 21:10:29"}
{"level":"info","message":"Running Python AD scanner from: C:\\Users\\haryp\\Desktop\\FINAL YEAR PROJECT\\security-dashboard-mvp-exec-friendly\\asset-population\\Asset_Scanner.py","service":"app","timestamp":"2026-01-27 21:10:29"}
{"level":"info","message":"Python scanner completed","service":"app","timestamp":"2026-01-27 21:10:45"}
{"level":"info","message":"Python scanner found 1 computers","service":"app","timestamp":"2026-01-27 21:10:45"}
{"level":"info","message":"Found 1 computers in Active Directory","service":"app","timestamp":"2026-01-27 21:10:45"}
{"level":"info","message":"Imported asset: LAPPY","service":"app","timestamp":"2026-01-27 21:10:46"}
{"level":"info","message":"AD Sync complete. Imported 1 assets","service":"app","timestamp":"2026-01-27 21:10:46"}
{"level":"info","message":{"duration":"16592ms","ip":"::1","method":"POST","path":"/sync","status":200},"service":"app","timestamp":"2026-01-27 21:10:46"}
{"level":"info","message":{"duration":"402ms","ip":"::1","method":"GET","path":"/public","status":200},"service":"app","timestamp":"2026-01-27 21:10:46"}
{"level":"info","message":{"duration":"1ms","ip":"::1","method":"GET","path":"/","status":401},"service":"app","timestamp":"2026-01-27 21:10:46"}
{"level":"info","message":{"duration":"406ms","ip":"::1","method":"GET","path":"/public","status":200},"service":"app","timestamp":"2026-01-27 21:10:52"}
{"level":"info","message":{"duration":"1ms","ip":"::1","method":"GET","path":"/","status":401},"service":"app","timestamp":"2026-01-27 21:10:52"}
{"level":"info","message":{"duration":"405ms","ip":"::1","method":"GET","path":"/public","status":200},"service":"app","timestamp":"2026-01-27 21:11:52"}
{"level":"info","message":{"duration":"1ms","ip":"::1","method":"GET","path":"/","status":401},"service":"app","timestamp":"2026-01-27 21:11:52"}
{"level":"info","message":{"duration":"406ms","ip":"::1","method":"GET","path":"/public","status":200},"service":"app","timestamp":"2026-01-27 21:12:16"}
{"level":"info","message":{"duration":"1ms","ip":"::1","method":"GET","path":"/","status":401},"service":"app","timestamp":"2026-01-27 21:12:17"}
{"level":"info","message":{"duration":"406ms","ip":"::1","method":"GET","path":"/public","status":200},"service":"app","timestamp":"2026-01-27 21:12:53"}
{"level":"info","message":{"duration":"1ms","ip":"::1","method":"GET","path":"/","status":401},"service":"app","timestamp":"2026-01-27 21:12:53"}
{"level":"info","message":{"duration":"1ms","ip":"::1","method":"GET","path":"/overview","status":401},"service":"app","timestamp":"2026-01-27 21:13:39"}
{"level":"info","message":{"duration":"1ms","ip":"::1","method":"GET","path":"/metrics","status":401},"service":"app","timestamp":"2026-01-27 21:13:39"}
{"level":"info","message":{"duration":"1ms","ip":"::1","method":"GET","path":"/overview","status":401},"service":"app","timestamp":"2026-01-27 21:13:39"}
{"level":"info","message":{"duration":"1ms","ip":"::1","method":"GET","path":"/metrics","status":401},"service":"app","timestamp":"2026-01-27 21:13:39"}
{"level":"info","message":{"duration":"404ms","ip":"::1","method":"GET","path":"/public","status":200},"service":"app","timestamp":"2026-01-27 21:13:42"}
{"level":"info","message":{"duration":"1ms","ip":"::1","method":"GET","path":"/","status":401},"service":"app","timestamp":"2026-01-27 21:13:42"}
{"level":"info","message":{"duration":"440ms","ip":"::1","method":"GET","path":"/public","status":200},"service":"app","timestamp":"2026-01-27 21:13:42"}
{"level":"info","message":{"duration":"1ms","ip":"::1","method":"GET","path":"/","status":401},"service":"app","timestamp":"2026-01-27 21:13:42"}
{"level":"info","message":{"duration":"0ms","ip":"::1","method":"GET","path":"/overview","status":401},"service":"app","timestamp":"2026-01-27 21:13:43"}
{"level":"info","message":{"duration":"1ms","ip":"::1","method":"GET","path":"/metrics","status":401},"service":"app","timestamp":"2026-01-27 21:13:43"}
{"level":"info","message":{"duration":"1ms","ip":"::1","method":"GET","path":"/overview","status":401},"service":"app","timestamp":"2026-01-27 21:13:43"}
{"level":"info","message":{"duration":"1ms","ip":"::1","method":"GET","path":"/metrics","status":401},"service":"app","timestamp":"2026-01-27 21:13:43"}
{"level":"info","message":{"duration":"1ms","ip":"::1","method":"GET","path":"/overview","status":401},"service":"app","timestamp":"2026-01-27 21:13:45"}
{"level":"info","message":{"duration":"1ms","ip":"::1","method":"GET","path":"/metrics","status":401},"service":"app","timestamp":"2026-01-27 21:13:45"}
{"level":"info","message":{"duration":"1ms","ip":"::1","method":"GET","path":"/metrics","status":401},"service":"app","timestamp":"2026-01-27 21:13:49"}
{"level":"info","message":{"duration":"1ms","ip":"::1","method":"GET","path":"/incidents","status":401},"service":"app","timestamp":"2026-01-27 21:13:49"}
{"level":"info","message":{"duration":"1ms","ip":"::1","method":"GET","path":"/metrics","status":401},"service":"app","timestamp":"2026-01-27 21:13:49"}
{"level":"info","message":{"duration":"0ms","ip":"::1","method":"GET","path":"/incidents","status":401},"service":"app","timestamp":"2026-01-27 21:13:49"}
{"level":"info","message":{"duration":"2ms","ip":"::1","method":"GET","path":"/incidents","status":401},"service":"app","timestamp":"2026-01-27 21:13:51"}
{"level":"info","message":{"duration":"1ms","ip":"::1","method":"GET","path":"/metrics","status":401},"service":"app","timestamp":"2026-01-27 21:13:51"}
{"level":"info","message":{"duration":"404ms","ip":"::1","method":"GET","path":"/public","status":200},"service":"app","timestamp":"2026-01-27 21:13:53"}
{"level":"info","message":{"duration":"1ms","ip":"::1","method":"GET","path":"/","status":401},"service":"app","timestamp":"2026-01-27 21:13:53"}
{"level":"info","message":{"duration":"437ms","ip":"::1","method":"GET","path":"/public","status":200},"service":"app","timestamp":"2026-01-27 21:13:53"}
{"level":"info","message":{"duration":"2ms","ip":"::1","method":"GET","path":"/","status":401},"service":"app","timestamp":"2026-01-27 21:13:53"}
{"level":"info","message":{"duration":"439ms","ip":"::1","method":"GET","path":"/public","status":200},"service":"app","timestamp":"2026-01-27 21:13:55"}
{"level":"info","message":{"duration":"1ms","ip":"::1","method":"GET","path":"/","status":401},"service":"app","timestamp":"2026-01-27 21:13:55"}
{"level":"info","message":{"duration":"441ms","ip":"::1","method":"GET","path":"/public","status":200},"service":"app","timestamp":"2026-01-27 21:14:53"}
{"level":"info","message":{"duration":"1ms","ip":"::1","method":"GET","path":"/","status":401},"service":"app","timestamp":"2026-01-27 21:14:54"}
{"level":"info","message":{"duration":"442ms","ip":"::1","method":"GET","path":"/public","status":200},"service":"app","timestamp":"2026-01-27 21:15:54"}
{"level":"info","message":{"duration":"1ms","ip":"::1","method":"GET","path":"/","status":401},"service":"app","timestamp":"2026-01-27 21:15:54"}
{"level":"info","message":{"duration":"439ms","ip":"::1","method":"GET","path":"/public","status":200},"service":"app","timestamp":"2026-01-27 21:16:53"}
{"level":"info","message":{"duration":"2ms","ip":"::1","method":"GET","path":"/","status":401},"service":"app","timestamp":"2026-01-27 21:16:54"}
{"level":"info","message":{"duration":"441ms","ip":"::1","method":"GET","path":"/public","status":200},"service":"app","timestamp":"2026-01-27 21:17:53"}
{"level":"info","message":{"duration":"1ms","ip":"::1","method":"GET","path":"/","status":401},"service":"app","timestamp":"2026-01-27 21:17:54"}
{"level":"info","message":{"duration":"437ms","ip":"::1","method":"GET","path":"/public","status":200},"service":"app","timestamp":"2026-01-27 21:18:53"}
{"level":"info","message":{"duration":"0ms","ip":"::1","method":"GET","path":"/","status":401},"service":"app","timestamp":"2026-01-27 21:18:54"}
{"level":"info","message":{"duration":"439ms","ip":"::1","method":"GET","path":"/public","status":200},"service":"app","timestamp":"2026-01-27 21:19:53"}
{"level":"info","message":{"duration":"1ms","ip":"::1","method":"GET","path":"/","status":401},"service":"app","timestamp":"2026-01-27 21:19:54"}
{"level":"info","message":{"duration":"436ms","ip":"::1","method":"GET","path":"/public","status":200},"service":"app","timestamp":"2026-01-27 21:21:11"}
{"level":"info","message":{"duration":"1ms","ip":"::1","method":"GET","path":"/","status":401},"service":"app","timestamp":"2026-01-27 21:21:12"}
{"level":"info","message":{"duration":"436ms","ip":"::1","method":"GET","path":"/public","status":200},"service":"app","timestamp":"2026-01-27 21:22:11"}
{"level":"info","message":{"duration":"1ms","ip":"::1","method":"GET","path":"/","status":401},"service":"app","timestamp":"2026-01-27 21:22:12"}
{"level":"info","message":{"duration":"439ms","ip":"::1","method":"GET","path":"/public","status":200},"service":"app","timestamp":"2026-01-27 21:23:11"}
{"level":"info","message":{"duration":"1ms","ip":"::1","method":"GET","path":"/","status":401},"service":"app","timestamp":"2026-01-27 21:23:12"}
{"level":"info","message":{"duration":"868ms","ip":"::1","method":"GET","path":"/public","status":200},"service":"app","timestamp":"2026-01-27 21:24:12"}
{"level":"info","message":{"duration":"1ms","ip":"::1","method":"GET","path":"/","status":401},"service":"app","timestamp":"2026-01-27 21:24:12"}
{"level":"info","message":{"duration":"438ms","ip":"::1","method":"GET","path":"/public","status":200},"service":"app","timestamp":"2026-01-27 21:25:12"}
{"level":"info","message":{"duration":"1ms","ip":"::1","method":"GET","path":"/","status":401},"service":"app","timestamp":"2026-01-27 21:25:12"}
{"level":"info","message":{"duration":"437ms","ip":"::1","method":"GET","path":"/public","status":200},"service":"app","timestamp":"2026-01-27 21:26:11"}
{"level":"info","message":{"duration":"1ms","ip":"::1","method":"GET","path":"/","status":401},"service":"app","timestamp":"2026-01-27 21:26:12"}
{"level":"info","message":{"duration":"438ms","ip":"::1","method":"GET","path":"/public","status":200},"service":"app","timestamp":"2026-01-27 21:27:11"}
{"level":"info","message":{"duration":"1ms","ip":"::1","method":"GET","path":"/","status":401},"service":"app","timestamp":"2026-01-27 21:27:12"}
{"level":"info","message":{"duration":"443ms","ip":"::1","method":"GET","path":"/public","status":200},"service":"app","timestamp":"2026-01-27 21:28:12"}
{"level":"info","message":{"duration":"1ms","ip":"::1","method":"GET","path":"/","status":401},"service":"app","timestamp":"2026-01-27 21:28:12"}
{"level":"info","message":{"duration":"438ms","ip":"::1","method":"GET","path":"/public","status":200},"service":"app","timestamp":"2026-01-27 21:29:11"}
{"level":"info","message":{"duration":"1ms","ip":"::1","method":"GET","path":"/","status":401},"service":"app","timestamp":"2026-01-27 21:29:12"}
{"level":"info","message":{"duration":"438ms","ip":"::1","method":"GET","path":"/public","status":200},"service":"app","timestamp":"2026-01-27 21:30:11"}
{"level":"info","message":{"duration":"0ms","ip":"::1","method":"GET","path":"/","status":401},"service":"app","timestamp":"2026-01-27 21:30:12"}
{"level":"info","message":{"duration":"440ms","ip":"::1","method":"GET","path":"/public","status":200},"service":"app","timestamp":"2026-01-27 21:31:12"}
{"level":"info","message":{"duration":"0ms","ip":"::1","method":"GET","path":"/","status":401},"service":"app","timestamp":"2026-01-27 21:31:12"}
{"level":"info","message":"🚀 Starting Security Dashboard Backend...","service":"app","timestamp":"2026-01-29 13:13:21"}
{"level":"warn","message":"⚠️  LDAP connection failed. AD authentication will be disabled.","service":"app","timestamp":"2026-01-29 13:13:25"}
{"level":"info","message":"Initialized 0 connectors","service":"app","timestamp":"2026-01-29 13:13:25"}
{"level":"info","message":"✅ Security tool connectors initialized","service":"app","timestamp":"2026-01-29 13:13:25"}
{"level":"info","message":"WebSocket heartbeat started","service":"app","timestamp":"2026-01-29 13:13:25"}
{"level":"info","message":"WebSocket server initialized","service":"app","timestamp":"2026-01-29 13:13:25"}
{"level":"info","message":"Database triggers setup complete","service":"app","timestamp":"2026-01-29 13:13:26"}
{"level":"info","message":"✅ WebSocket server initialized","service":"app","timestamp":"2026-01-29 13:13:26"}
{"level":"info","message":"✅ Server running on port 5000","service":"app","timestamp":"2026-01-29 13:13:26"}
{"level":"info","message":"📊 API Base URL: /api/v1","service":"app","timestamp":"2026-01-29 13:13:26"}
{"level":"info","message":"🔌 WebSocket URL: ws://localhost:5000/ws","service":"app","timestamp":"2026-01-29 13:13:26"}
{"level":"info","message":"🌍 Environment: development","service":"app","timestamp":"2026-01-29 13:13:26"}
{"level":"info","message":"🚀 Starting Security Dashboard Backend...","service":"app","timestamp":"2026-01-29 13:14:17"}
{"level":"warn","message":"⚠️  LDAP connection failed. AD authentication will be disabled.","service":"app","timestamp":"2026-01-29 13:14:19"}
{"level":"info","message":"Initialized 0 connectors","service":"app","timestamp":"2026-01-29 13:14:19"}
{"level":"info","message":"✅ Security tool connectors initialized","service":"app","timestamp":"2026-01-29 13:14:19"}
{"level":"info","message":"WebSocket heartbeat started","service":"app","timestamp":"2026-01-29 13:14:19"}
{"level":"info","message":"WebSocket server initialized","service":"app","timestamp":"2026-01-29 13:14:19"}
{"level":"info","message":"Database triggers setup complete","service":"app","timestamp":"2026-01-29 13:14:20"}
{"level":"info","message":"✅ WebSocket server initialized","service":"app","timestamp":"2026-01-29 13:14:20"}
{"level":"info","message":"✅ Server running on port 5000","service":"app","timestamp":"2026-01-29 13:14:20"}
{"level":"info","message":"📊 API Base URL: /api/v1","service":"app","timestamp":"2026-01-29 13:14:20"}
{"level":"info","message":"🔌 WebSocket URL: ws://localhost:5000/ws","service":"app","timestamp":"2026-01-29 13:14:20"}
{"level":"info","message":"🌍 Environment: development","service":"app","timestamp":"2026-01-29 13:14:20"}
{"level":"info","message":{"duration":"5ms","ip":"::1","method":"POST","path":"/","status":401},"service":"app","timestamp":"2026-01-29 13:14:21"}
{"level":"info","message":{"duration":"1ms","ip":"::1","method":"POST","path":"/","status":401},"service":"app","timestamp":"2026-01-29 13:14:21"}
{"level":"info","message":"AD sync triggered via API","service":"app","timestamp":"2026-01-29 13:14:35"}
{"level":"info","message":"Starting Active Directory sync...","service":"app","timestamp":"2026-01-29 13:14:35"}
{"level":"info","message":"Running Python AD scanner from: C:\\Users\\haryp\\Desktop\\FINAL YEAR PROJECT\\security-dashboard-mvp-exec-friendly\\asset-population\\Asset_Scanner.py","service":"app","timestamp":"2026-01-29 13:14:35"}
{"level":"info","message":"Python scanner completed","service":"app","timestamp":"2026-01-29 13:14:56"}
{"level":"info","message":"Python scanner found 1 computers","service":"app","timestamp":"2026-01-29 13:14:56"}
{"level":"info","message":"Found 1 computers in Active Directory","service":"app","timestamp":"2026-01-29 13:14:56"}
{"level":"info","message":"Imported asset: LAPPY","service":"app","timestamp":"2026-01-29 13:14:58"}
{"level":"info","message":"AD Sync complete. Imported 1 assets","service":"app","timestamp":"2026-01-29 13:14:58"}
{"level":"info","message":"🚀 Starting Security Dashboard Backend...","service":"app","timestamp":"2026-01-29 13:15:03"}
{"level":"warn","message":"⚠️  LDAP connection failed. AD authentication will be disabled.","service":"app","timestamp":"2026-01-29 13:15:05"}
{"level":"info","message":"Initialized 0 connectors","service":"app","timestamp":"2026-01-29 13:15:05"}
{"level":"info","message":"✅ Security tool connectors initialized","service":"app","timestamp":"2026-01-29 13:15:05"}
{"level":"info","message":"WebSocket heartbeat started","service":"app","timestamp":"2026-01-29 13:15:05"}
{"level":"info","message":"WebSocket server initialized","service":"app","timestamp":"2026-01-29 13:15:05"}
{"level":"info","message":"Database triggers setup complete","service":"app","timestamp":"2026-01-29 13:15:06"}
{"level":"info","message":"🚀 Starting Security Dashboard Backend...","service":"app","timestamp":"2026-01-29 13:15:51"}
{"level":"warn","message":"⚠️  LDAP connection failed. AD authentication will be disabled.","service":"app","timestamp":"2026-01-29 13:15:53"}
{"level":"info","message":"Initialized 0 connectors","service":"app","timestamp":"2026-01-29 13:15:53"}
{"level":"info","message":"✅ Security tool connectors initialized","service":"app","timestamp":"2026-01-29 13:15:53"}
{"level":"info","message":"WebSocket heartbeat started","service":"app","timestamp":"2026-01-29 13:15:53"}
{"level":"info","message":"WebSocket server initialized","service":"app","timestamp":"2026-01-29 13:15:53"}
{"level":"info","message":"Database triggers setup complete","service":"app","timestamp":"2026-01-29 13:15:54"}
{"level":"info","message":"✅ WebSocket server initialized","service":"app","timestamp":"2026-01-29 13:15:54"}
{"level":"info","message":"✅ Server running on port 5000","service":"app","timestamp":"2026-01-29 13:15:54"}
{"level":"info","message":"📊 API Base URL: /api/v1","service":"app","timestamp":"2026-01-29 13:15:54"}
{"level":"info","message":"🔌 WebSocket URL: ws://localhost:5000/ws","service":"app","timestamp":"2026-01-29 13:15:54"}
{"level":"info","message":"🌍 Environment: development","service":"app","timestamp":"2026-01-29 13:15:54"}
{"level":"info","message":{"duration":"1420ms","ip":"::1","method":"GET","path":"/health","status":200},"service":"app","timestamp":"2026-01-29 13:16:10"}
{"level":"info","message":{"duration":"210ms","ip":"::1","method":"GET","path":"/health","status":200},"service":"app","timestamp":"2026-01-29 13:18:04"}
{"level":"info","message":{"duration":"677ms","ip":"::1","method":"POST","path":"/login","status":401},"service":"app","timestamp":"2026-01-29 13:18:10"}
{"level":"info","message":{"duration":"2ms","ip":"::1","method":"GET","path":"/metrics","status":401},"service":"app","timestamp":"2026-01-29 13:18:10"}
{"level":"info","message":{"duration":"1ms","ip":"::1","method":"GET","path":"/metrics","status":401},"service":"app","timestamp":"2026-01-29 13:18:10"}
{"level":"info","message":{"duration":"1ms","ip":"::1","method":"GET","path":"/incidents","status":401},"service":"app","timestamp":"2026-01-29 13:18:10"}
{"level":"info","message":{"duration":"1ms","ip":"::1","method":"GET","path":"/incidents","status":401},"service":"app","timestamp":"2026-01-29 13:18:10"}
{"level":"info","message":{"duration":"419ms","ip":"::1","method":"GET","path":"/public","status":200},"service":"app","timestamp":"2026-01-29 13:18:13"}
{"level":"info","message":{"duration":"0ms","ip":"::1","method":"GET","path":"/","status":401},"service":"app","timestamp":"2026-01-29 13:18:13"}
{"level":"info","message":{"duration":"10033ms","ip":"::1","method":"GET","path":"/public","status":500},"service":"app","timestamp":"2026-01-29 13:18:22"}
{"level":"info","message":{"duration":"1ms","ip":"::1","method":"GET","path":"/","status":401},"service":"app","timestamp":"2026-01-29 13:18:22"}
{"level":"info","message":"AD sync triggered via API","service":"app","timestamp":"2026-01-29 13:18:22"}
{"level":"info","message":"Starting Active Directory sync...","service":"app","timestamp":"2026-01-29 13:18:22"}
{"level":"info","message":"Running Python AD scanner from: C:\\Users\\haryp\\Desktop\\FINAL YEAR PROJECT\\security-dashboard-mvp-exec-friendly\\asset-population\\Asset_Scanner.py","service":"app","timestamp":"2026-01-29 13:18:22"}
{"level":"info","message":"Python scanner completed","service":"app","timestamp":"2026-01-29 13:18:42"}
{"level":"info","message":"Python scanner found 1 computers","service":"app","timestamp":"2026-01-29 13:18:42"}
{"level":"info","message":"Found 1 computers in Active Directory","service":"app","timestamp":"2026-01-29 13:18:42"}
{"level":"info","message":"Imported asset: LAPPY","service":"app","timestamp":"2026-01-29 13:18:43"}
{"level":"info","message":"AD Sync complete. Imported 1 assets","service":"app","timestamp":"2026-01-29 13:18:43"}
{"level":"info","message":{"duration":"20155ms","ip":"::1","method":"POST","path":"/sync","status":200},"service":"app","timestamp":"2026-01-29 13:18:43"}
{"level":"info","message":{"duration":"400ms","ip":"::1","method":"GET","path":"/public","status":200},"service":"app","timestamp":"2026-01-29 13:18:43"}
{"level":"info","message":{"duration":"0ms","ip":"::1","method":"GET","path":"/","status":401},"service":"app","timestamp":"2026-01-29 13:18:43"}
{"level":"info","message":"🚀 Starting Security Dashboard Backend...","service":"app","timestamp":"2026-01-29 13:18:59"}
{"level":"error","message":"❌ Database connection failed. Exiting...","service":"app","timestamp":"2026-01-29 13:19:09"}
{"level":"info","message":{"duration":"402ms","ip":"::1","method":"GET","path":"/public","status":200},"service":"app","timestamp":"2026-01-29 13:19:13"}
{"level":"info","message":{"duration":"1ms","ip":"::1","method":"GET","path":"/","status":401},"service":"app","timestamp":"2026-01-29 13:19:13"}
{"level":"info","message":{"duration":"207ms","ip":"::1","method":"GET","path":"/health","status":200},"service":"app","timestamp":"2026-01-29 13:23:04"}
{"level":"info","message":{"duration":"205ms","ip":"::1","method":"GET","path":"/health","status":200},"service":"app","timestamp":"2026-01-29 13:23:22"}
{"level":"info","message":{"duration":"399ms","ip":"::1","method":"GET","path":"/public","status":200},"service":"app","timestamp":"2026-01-29 13:23:23"}
{"level":"info","message":{"duration":"1ms","ip":"::1","method":"GET","path":"/risk-summary","status":401},"service":"app","timestamp":"2026-01-29 13:23:23"}
{"level":"info","message":{"duration":"399ms","ip":"::1","method":"GET","path":"/public","status":200},"service":"app","timestamp":"2026-01-29 13:23:33"}
{"level":"info","message":{"duration":"1ms","ip":"::1","method":"GET","path":"/","status":401},"service":"app","timestamp":"2026-01-29 13:25:25"}
{"level":"info","message":{"duration":"2ms","ip":"::1","method":"GET","path":"/","status":401},"service":"app","timestamp":"2026-01-29 13:25:34"}
{"level":"info","message":"🚀 Starting Security Dashboard Backend...","service":"app","timestamp":"2026-01-29 13:32:15"}
{"level":"info","message":"🚀 Starting Security Dashboard Backend...","service":"app","timestamp":"2026-01-29 13:32:15"}
{"level":"warn","message":"⚠️  LDAP connection failed. AD authentication will be disabled.","service":"app","timestamp":"2026-01-29 13:32:17"}
{"level":"warn","message":"⚠️  LDAP connection failed. AD authentication will be disabled.","service":"app","timestamp":"2026-01-29 13:32:17"}
{"level":"info","message":"Initialized 0 connectors","service":"app","timestamp":"2026-01-29 13:32:17"}
{"level":"info","message":"✅ Security tool connectors initialized","service":"app","timestamp":"2026-01-29 13:32:17"}
{"level":"info","message":"WebSocket heartbeat started","service":"app","timestamp":"2026-01-29 13:32:17"}
{"level":"info","message":"WebSocket server initialized","service":"app","timestamp":"2026-01-29 13:32:17"}
{"level":"info","message":"Initialized 0 connectors","service":"app","timestamp":"2026-01-29 13:32:17"}
{"level":"info","message":"✅ Security tool connectors initialized","service":"app","timestamp":"2026-01-29 13:32:17"}
{"level":"info","message":"WebSocket heartbeat started","service":"app","timestamp":"2026-01-29 13:32:17"}
{"level":"info","message":"WebSocket server initialized","service":"app","timestamp":"2026-01-29 13:32:17"}
{"level":"info","message":"Database triggers setup complete","service":"app","timestamp":"2026-01-29 13:32:17"}
{"level":"info","message":"✅ WebSocket server initialized","service":"app","timestamp":"2026-01-29 13:32:17"}
{"level":"info","message":"✅ Server running on port 5000","service":"app","timestamp":"2026-01-29 13:32:17"}
{"level":"info","message":"📊 API Base URL: /api/v1","service":"app","timestamp":"2026-01-29 13:32:17"}
{"level":"info","message":"🔌 WebSocket URL: ws://localhost:5000/ws","service":"app","timestamp":"2026-01-29 13:32:17"}
{"level":"info","message":"🌍 Environment: development","service":"app","timestamp":"2026-01-29 13:32:17"}
{"level":"info","message":"Database triggers setup complete","service":"app","timestamp":"2026-01-29 13:32:17"}
{"level":"info","message":"🚀 Starting Security Dashboard Backend...","service":"app","timestamp":"2026-01-29 13:32:36"}
{"level":"warn","message":"⚠️  LDAP connection failed. AD authentication will be disabled.","service":"app","timestamp":"2026-01-29 13:32:38"}
{"level":"info","message":"Initialized 0 connectors","service":"app","timestamp":"2026-01-29 13:32:38"}
{"level":"info","message":"✅ Security tool connectors initialized","service":"app","timestamp":"2026-01-29 13:32:38"}
{"level":"info","message":"WebSocket heartbeat started","service":"app","timestamp":"2026-01-29 13:32:38"}
{"level":"info","message":"WebSocket server initialized","service":"app","timestamp":"2026-01-29 13:32:38"}
{"level":"info","message":"Database triggers setup complete","service":"app","timestamp":"2026-01-29 13:32:39"}
{"level":"info","message":"✅ WebSocket server initialized","service":"app","timestamp":"2026-01-29 13:32:39"}
{"level":"info","message":"✅ Server running on port 5000","service":"app","timestamp":"2026-01-29 13:32:39"}
{"level":"info","message":"📊 API Base URL: /api/v1","service":"app","timestamp":"2026-01-29 13:32:39"}
{"level":"info","message":"🔌 WebSocket URL: ws://localhost:5000/ws","service":"app","timestamp":"2026-01-29 13:32:39"}
{"level":"info","message":"🌍 Environment: development","service":"app","timestamp":"2026-01-29 13:32:39"}
{"level":"info","message":"🚀 Starting Security Dashboard Backend...","service":"app","timestamp":"2026-01-29 13:32:58"}
{"level":"warn","message":"⚠️  LDAP connection failed. AD authentication will be disabled.","service":"app","timestamp":"2026-01-29 13:33:11"}
{"level":"info","message":"Initialized 0 connectors","service":"app","timestamp":"2026-01-29 13:33:11"}
{"level":"info","message":"✅ Security tool connectors initialized","service":"app","timestamp":"2026-01-29 13:33:11"}
{"level":"info","message":"WebSocket heartbeat started","service":"app","timestamp":"2026-01-29 13:33:11"}
{"level":"info","message":"WebSocket server initialized","service":"app","timestamp":"2026-01-29 13:33:11"}
{"level":"info","message":"Database triggers setup complete","service":"app","timestamp":"2026-01-29 13:33:11"}
{"level":"info","message":"✅ WebSocket server initialized","service":"app","timestamp":"2026-01-29 13:33:11"}
{"level":"info","message":"✅ Server running on port 5000","service":"app","timestamp":"2026-01-29 13:33:11"}
{"level":"info","message":"📊 API Base URL: /api/v1","service":"app","timestamp":"2026-01-29 13:33:11"}
{"level":"info","message":"🔌 WebSocket URL: ws://localhost:5000/ws","service":"app","timestamp":"2026-01-29 13:33:11"}
{"level":"info","message":"🌍 Environment: development","service":"app","timestamp":"2026-01-29 13:33:11"}
{"level":"info","message":{"duration":"1654ms","ip":"::1","method":"GET","path":"/health","status":200},"service":"app","timestamp":"2026-01-29 13:33:38"}
{"level":"info","message":{"duration":"708ms","ip":"::1","method":"POST","path":"/login","status":401},"service":"app","timestamp":"2026-01-29 13:35:10"}
{"level":"info","message":{"duration":"2ms","ip":"::1","method":"GET","path":"/metrics","status":401},"service":"app","timestamp":"2026-01-29 13:35:10"}
{"level":"info","message":{"duration":"1ms","ip":"::1","method":"GET","path":"/metrics","status":401},"service":"app","timestamp":"2026-01-29 13:35:10"}
{"level":"info","message":{"duration":"1ms","ip":"::1","method":"GET","path":"/incidents","status":401},"service":"app","timestamp":"2026-01-29 13:35:10"}
{"level":"info","message":{"duration":"2ms","ip":"::1","method":"GET","path":"/incidents","status":401},"service":"app","timestamp":"2026-01-29 13:35:10"}
{"level":"info","message":{"duration":"475ms","ip":"::1","method":"GET","path":"/public","status":200},"service":"app","timestamp":"2026-01-29 13:35:13"}
{"level":"info","message":{"duration":"1ms","ip":"::1","method":"GET","path":"/","status":401},"service":"app","timestamp":"2026-01-29 13:35:13"}
{"level":"info","message":"AD sync triggered via API","service":"app","timestamp":"2026-01-29 13:35:14"}
{"level":"info","message":"Starting Active Directory sync...","service":"app","timestamp":"2026-01-29 13:35:14"}
{"level":"info","message":"Running Python AD scanner from: C:\\Users\\haryp\\Desktop\\FINAL YEAR PROJECT\\security-dashboard-mvp-exec-friendly\\asset-population\\Asset_Scanner.py","service":"app","timestamp":"2026-01-29 13:35:14"}
{"level":"info","message":{"duration":"12687ms","ip":"::1","method":"GET","path":"/public","status":200},"service":"app","timestamp":"2026-01-29 13:35:25"}
{"level":"info","message":{"duration":"2ms","ip":"::1","method":"GET","path":"/","status":401},"service":"app","timestamp":"2026-01-29 13:35:25"}
{"level":"info","message":"Python scanner completed","service":"app","timestamp":"2026-01-29 13:35:34"}
{"level":"info","message":"Python scanner found 1 computers","service":"app","timestamp":"2026-01-29 13:35:34"}
{"level":"info","message":"Found 1 computers in Active Directory","service":"app","timestamp":"2026-01-29 13:35:34"}
{"level":"info","message":"Imported asset: LAPPY","service":"app","timestamp":"2026-01-29 13:35:34"}
{"level":"info","message":"AD Sync complete. Imported 1 assets","service":"app","timestamp":"2026-01-29 13:35:34"}
{"level":"info","message":{"duration":"19787ms","ip":"::1","method":"POST","path":"/sync","status":200},"service":"app","timestamp":"2026-01-29 13:35:34"}
{"level":"info","message":{"duration":"400ms","ip":"::1","method":"GET","path":"/public","status":200},"service":"app","timestamp":"2026-01-29 13:35:35"}
{"level":"info","message":{"duration":"2ms","ip":"::1","method":"GET","path":"/","status":401},"service":"app","timestamp":"2026-01-29 13:35:35"}
{"level":"info","message":{"duration":"401ms","ip":"::1","method":"GET","path":"/public","status":200},"service":"app","timestamp":"2026-01-29 13:36:13"}
{"level":"info","message":{"duration":"1ms","ip":"::1","method":"GET","path":"/","status":401},"service":"app","timestamp":"2026-01-29 13:36:13"}
{"level":"info","message":{"duration":"399ms","ip":"::1","method":"GET","path":"/public","status":200},"service":"app","timestamp":"2026-01-29 13:36:43"}
{"level":"info","message":{"duration":"402ms","ip":"::1","method":"GET","path":"/public","status":200},"service":"app","timestamp":"2026-01-29 13:36:52"}
{"level":"info","message":{"duration":"402ms","ip":"::1","method":"GET","path":"/public","status":200},"service":"app","timestamp":"2026-01-29 13:36:59"}
{"level":"info","message":{"duration":"401ms","ip":"::1","method":"GET","path":"/public","status":200},"service":"app","timestamp":"2026-01-29 13:37:13"}
{"level":"info","message":{"duration":"1ms","ip":"::1","method":"GET","path":"/","status":401},"service":"app","timestamp":"2026-01-29 13:37:13"}
{"level":"info","message":"AD sync triggered via API","service":"app","timestamp":"2026-01-29 13:37:25"}
{"level":"info","message":"Starting Active Directory sync...","service":"app","timestamp":"2026-01-29 13:37:25"}
{"level":"info","message":"Running Python AD scanner from: C:\\Users\\haryp\\Desktop\\FINAL YEAR PROJECT\\security-dashboard-mvp-exec-friendly\\asset-population\\Asset_Scanner.py","service":"app","timestamp":"2026-01-29 13:37:25"}
{"level":"info","message":"Python scanner completed","service":"app","timestamp":"2026-01-29 13:37:44"}
{"level":"info","message":"Python scanner found 1 computers","service":"app","timestamp":"2026-01-29 13:37:44"}
{"level":"info","message":"Found 1 computers in Active Directory","service":"app","timestamp":"2026-01-29 13:37:44"}
{"level":"info","message":"Imported asset: LAPPY","service":"app","timestamp":"2026-01-29 13:37:45"}
{"level":"info","message":"AD Sync complete. Imported 1 assets","service":"app","timestamp":"2026-01-29 13:37:45"}
{"level":"info","message":{"duration":"20111ms","ip":"::1","method":"POST","path":"/sync","status":200},"service":"app","timestamp":"2026-01-29 13:37:45"}
{"level":"info","message":{"duration":"405ms","ip":"::1","method":"GET","path":"/public","status":200},"service":"app","timestamp":"2026-01-29 13:37:47"}
{"level":"info","message":{"duration":"400ms","ip":"::1","method":"GET","path":"/public","status":200},"service":"app","timestamp":"2026-01-29 13:38:13"}
{"level":"info","message":{"duration":"1ms","ip":"::1","method":"GET","path":"/","status":401},"service":"app","timestamp":"2026-01-29 13:38:13"}
{"level":"info","message":{"duration":"399ms","ip":"::1","method":"GET","path":"/public","status":200},"service":"app","timestamp":"2026-01-29 13:39:13"}
{"level":"info","message":{"duration":"1ms","ip":"::1","method":"GET","path":"/","status":401},"service":"app","timestamp":"2026-01-29 13:39:13"}
{"level":"info","message":{"duration":"2ms","ip":"::1","method":"POST","path":"/","status":401},"service":"app","timestamp":"2026-01-29 13:39:17"}
{"level":"info","message":{"duration":"400ms","ip":"::1","method":"GET","path":"/public","status":200},"service":"app","timestamp":"2026-01-29 13:40:13"}
{"level":"info","message":{"duration":"1ms","ip":"::1","method":"GET","path":"/","status":401},"service":"app","timestamp":"2026-01-29 13:40:13"}
{"level":"info","message":"AD sync triggered via API","service":"app","timestamp":"2026-01-29 13:40:18"}
{"level":"info","message":"Starting Active Directory sync...","service":"app","timestamp":"2026-01-29 13:40:18"}
{"level":"info","message":"Running Python AD scanner from: C:\\Users\\haryp\\Desktop\\FINAL YEAR PROJECT\\security-dashboard-mvp-exec-friendly\\asset-population\\Asset_Scanner.py","service":"app","timestamp":"2026-01-29 13:40:18"}
{"level":"info","message":"Python scanner completed","service":"app","timestamp":"2026-01-29 13:40:39"}
{"level":"info","message":"Python scanner found 1 computers","service":"app","timestamp":"2026-01-29 13:40:39"}
{"level":"info","message":"Found 1 computers in Active Directory","service":"app","timestamp":"2026-01-29 13:40:39"}
{"level":"info","message":"Imported asset: LAPPY","service":"app","timestamp":"2026-01-29 13:40:39"}
{"level":"info","message":"AD Sync complete. Imported 1 assets","service":"app","timestamp":"2026-01-29 13:40:39"}
{"level":"info","message":{"duration":"21805ms","ip":"::1","method":"POST","path":"/sync","status":200},"service":"app","timestamp":"2026-01-29 13:40:39"}
{"level":"info","message":{"duration":"399ms","ip":"::1","method":"GET","path":"/public","status":200},"service":"app","timestamp":"2026-01-29 13:40:40"}
{"level":"info","message":{"duration":"2ms","ip":"::1","method":"GET","path":"/","status":401},"service":"app","timestamp":"2026-01-29 13:40:40"}
{"level":"info","message":{"duration":"399ms","ip":"::1","method":"GET","path":"/public","status":200},"service":"app","timestamp":"2026-01-29 13:41:13"}
{"level":"info","message":{"duration":"1ms","ip":"::1","method":"GET","path":"/","status":401},"service":"app","timestamp":"2026-01-29 13:41:13"}
{"level":"info","message":"AD sync triggered via API","service":"app","timestamp":"2026-01-29 13:41:53"}
{"level":"info","message":"Starting Active Directory sync...","service":"app","timestamp":"2026-01-29 13:41:53"}
{"level":"info","message":"Running Python AD scanner from: C:\\Users\\haryp\\Desktop\\FINAL YEAR PROJECT\\security-dashboard-mvp-exec-friendly\\asset-population\\Asset_Scanner.py","service":"app","timestamp":"2026-01-29 13:41:53"}
{"level":"info","message":{"duration":"612ms","ip":"::1","method":"POST","path":"/login","status":401},"service":"app","timestamp":"2026-01-29 13:42:06"}
{"level":"info","message":{"duration":"1ms","ip":"::1","method":"GET","path":"/metrics","status":401},"service":"app","timestamp":"2026-01-29 13:42:06"}
{"level":"info","message":{"duration":"1ms","ip":"::1","method":"GET","path":"/metrics","status":401},"service":"app","timestamp":"2026-01-29 13:42:06"}
{"level":"info","message":{"duration":"2ms","ip":"::1","method":"GET","path":"/incidents","status":401},"service":"app","timestamp":"2026-01-29 13:42:06"}
{"level":"info","message":{"duration":"1ms","ip":"::1","method":"GET","path":"/incidents","status":401},"service":"app","timestamp":"2026-01-29 13:42:06"}
{"level":"info","message":{"duration":"402ms","ip":"::1","method":"GET","path":"/public","status":200},"service":"app","timestamp":"2026-01-29 13:42:09"}
{"level":"info","message":{"duration":"1ms","ip":"::1","method":"GET","path":"/","status":401},"service":"app","timestamp":"2026-01-29 13:42:09"}
{"level":"info","message":{"duration":"438ms","ip":"::1","method":"GET","path":"/public","status":200},"service":"app","timestamp":"2026-01-29 13:42:09"}
{"level":"info","message":{"duration":"1ms","ip":"::1","method":"GET","path":"/","status":401},"service":"app","timestamp":"2026-01-29 13:42:09"}
{"level":"info","message":"Python scanner completed","service":"app","timestamp":"2026-01-29 13:42:13"}
{"level":"info","message":"Python scanner found 1 computers","service":"app","timestamp":"2026-01-29 13:42:13"}
{"level":"info","message":"Found 1 computers in Active Directory","service":"app","timestamp":"2026-01-29 13:42:13"}
{"level":"info","message":"Imported asset: LAPPY","service":"app","timestamp":"2026-01-29 13:42:13"}
{"level":"info","message":"AD Sync complete. Imported 1 assets","service":"app","timestamp":"2026-01-29 13:42:13"}
{"level":"info","message":{"duration":"440ms","ip":"::1","method":"GET","path":"/public","status":200},"service":"app","timestamp":"2026-01-29 13:43:09"}
{"level":"info","message":{"duration":"1ms","ip":"::1","method":"GET","path":"/","status":401},"service":"app","timestamp":"2026-01-29 13:43:09"}
{"level":"info","message":{"duration":"443ms","ip":"::1","method":"GET","path":"/public","status":200},"service":"app","timestamp":"2026-01-29 13:44:09"}
{"level":"info","message":{"duration":"1ms","ip":"::1","method":"GET","path":"/","status":401},"service":"app","timestamp":"2026-01-29 13:44:09"}
{"level":"info","message":{"duration":"482ms","ip":"::1","method":"GET","path":"/public","status":200},"service":"app","timestamp":"2026-01-29 13:45:09"}
{"level":"info","message":{"duration":"2ms","ip":"::1","method":"GET","path":"/","status":401},"service":"app","timestamp":"2026-01-29 13:45:09"}
{"level":"info","message":{"duration":"440ms","ip":"::1","method":"GET","path":"/public","status":200},"service":"app","timestamp":"2026-01-29 13:46:09"}
{"level":"info","message":{"duration":"1ms","ip":"::1","method":"GET","path":"/","status":401},"service":"app","timestamp":"2026-01-29 13:46:09"}
{"level":"info","message":{"duration":"443ms","ip":"::1","method":"GET","path":"/public","status":200},"service":"app","timestamp":"2026-01-29 13:46:35"}
{"level":"info","message":{"duration":"438ms","ip":"::1","method":"GET","path":"/public","status":200},"service":"app","timestamp":"2026-01-29 13:47:09"}
{"level":"info","message":{"duration":"2ms","ip":"::1","method":"GET","path":"/","status":401},"service":"app","timestamp":"2026-01-29 13:47:09"}
{"level":"info","message":{"duration":"439ms","ip":"::1","method":"GET","path":"/public","status":200},"service":"app","timestamp":"2026-01-29 13:48:09"}
{"level":"info","message":{"duration":"0ms","ip":"::1","method":"GET","path":"/","status":401},"service":"app","timestamp":"2026-01-29 13:48:09"}
{"level":"info","message":{"duration":"231ms","ip":"::1","method":"GET","path":"/health","status":200},"service":"app","timestamp":"2026-01-29 13:49:07"}
{"level":"info","message":{"duration":"441ms","ip":"::1","method":"GET","path":"/public","status":200},"service":"app","timestamp":"2026-01-29 13:50:08"}
{"level":"info","message":{"duration":"0ms","ip":"::1","method":"GET","path":"/","status":401},"service":"app","timestamp":"2026-01-29 13:50:08"}
{"level":"info","message":{"duration":"441ms","ip":"::1","method":"GET","path":"/public","status":200},"service":"app","timestamp":"2026-01-29 13:52:08"}
{"level":"info","message":{"duration":"3ms","ip":"::1","method":"GET","path":"/","status":401},"service":"app","timestamp":"2026-01-29 13:52:08"}
{"level":"info","message":{"duration":"444ms","ip":"::1","method":"GET","path":"/public","status":200},"service":"app","timestamp":"2026-01-29 13:54:08"}
{"level":"info","message":{"duration":"1ms","ip":"::1","method":"GET","path":"/","status":401},"service":"app","timestamp":"2026-01-29 13:54:08"}
{"level":"info","message":{"duration":"445ms","ip":"::1","method":"GET","path":"/public","status":200},"service":"app","timestamp":"2026-01-29 13:55:27"}
{"level":"info","message":{"duration":"7ms","ip":"::1","method":"GET","path":"/","status":401},"service":"app","timestamp":"2026-01-29 13:55:27"}
{"level":"info","message":{"duration":"1270ms","ip":"::1","method":"POST","path":"/login","status":200},"service":"app","timestamp":"2026-01-29 13:56:03"}
{"level":"info","message":{"duration":"461ms","ip":"::1","method":"GET","path":"/metrics","status":500},"service":"app","timestamp":"2026-01-29 13:56:03"}
{"level":"info","message":{"duration":"613ms","ip":"::1","method":"GET","path":"/incidents","status":500},"service":"app","timestamp":"2026-01-29 13:56:03"}
{"level":"info","message":{"duration":"1686ms","ip":"::1","method":"GET","path":"/metrics","status":500},"service":"app","timestamp":"2026-01-29 13:56:05"}
{"level":"info","message":{"duration":"1883ms","ip":"::1","method":"GET","path":"/incidents","status":500},"service":"app","timestamp":"2026-01-29 13:56:05"}
{"level":"info","message":{"duration":"2156ms","ip":"::1","method":"POST","path":"/login","status":401},"service":"app","timestamp":"2026-01-29 13:56:27"}
{"level":"info","message":{"duration":"920ms","ip":"::1","method":"POST","path":"/login","status":401},"service":"app","timestamp":"2026-01-29 13:56:30"}
{"level":"info","message":{"duration":"414ms","ip":"::1","method":"GET","path":"/public","status":200},"service":"app","timestamp":"2026-01-29 13:56:38"}
{"level":"info","message":{"duration":"413ms","ip":"::1","method":"GET","path":"/public","status":200},"service":"app","timestamp":"2026-01-29 13:56:51"}
{"level":"info","message":{"duration":"919ms","ip":"::1","method":"POST","path":"/login","status":401},"service":"app","timestamp":"2026-01-29 13:57:12"}
{"level":"info","message":{"duration":"936ms","ip":"::1","method":"POST","path":"/login","status":401},"service":"app","timestamp":"2026-01-29 13:58:33"}
{"level":"info","message":{"duration":"2ms","ip":"::1","method":"POST","path":"/login","status":429},"service":"app","timestamp":"2026-01-29 13:59:18"}
{"level":"info","message":{"duration":"1ms","ip":"::1","method":"POST","path":"/login","status":429},"service":"app","timestamp":"2026-01-29 13:59:20"}
{"level":"info","message":{"duration":"1ms","ip":"::1","method":"POST","path":"/login","status":429},"service":"app","timestamp":"2026-01-29 13:59:20"}
{"level":"info","message":{"duration":"1ms","ip":"::1","method":"POST","path":"/login","status":429},"service":"app","timestamp":"2026-01-29 13:59:26"}
{"level":"info","message":{"duration":"2ms","ip":"::1","method":"POST","path":"/login","status":429},"service":"app","timestamp":"2026-01-29 13:59:26"}
{"level":"info","message":{"duration":"1ms","ip":"::1","method":"POST","path":"/login","status":429},"service":"app","timestamp":"2026-01-29 13:59:26"}
{"level":"info","message":{"duration":"1ms","ip":"::1","method":"POST","path":"/login","status":429},"service":"app","timestamp":"2026-01-29 14:02:08"}
{"level":"info","message":{"duration":"1ms","ip":"::1","method":"POST","path":"/login","status":429},"service":"app","timestamp":"2026-01-29 14:02:58"}
{"level":"info","message":{"duration":"1ms","ip":"::1","method":"POST","path":"/login","status":429},"service":"app","timestamp":"2026-01-29 14:03:29"}
{"level":"info","message":"🚀 Starting Security Dashboard Backend...","service":"app","timestamp":"2026-01-29 14:04:24"}
{"level":"warn","message":"⚠️  LDAP connection failed. AD authentication will be disabled.","service":"app","timestamp":"2026-01-29 14:04:37"}
{"level":"info","message":"Initialized 0 connectors","service":"app","timestamp":"2026-01-29 14:04:37"}
{"level":"info","message":"✅ Security tool connectors initialized","service":"app","timestamp":"2026-01-29 14:04:37"}
{"level":"info","message":"WebSocket heartbeat started","service":"app","timestamp":"2026-01-29 14:04:37"}
{"level":"info","message":"WebSocket server initialized","service":"app","timestamp":"2026-01-29 14:04:37"}
{"level":"info","message":"Database triggers setup complete","service":"app","timestamp":"2026-01-29 14:04:37"}
{"level":"info","message":"✅ WebSocket server initialized","service":"app","timestamp":"2026-01-29 14:04:37"}
{"level":"info","message":"✅ Server running on port 5000","service":"app","timestamp":"2026-01-29 14:04:37"}
{"level":"info","message":"📊 API Base URL: /api/v1","service":"app","timestamp":"2026-01-29 14:04:37"}
{"level":"info","message":"🔌 WebSocket URL: ws://localhost:5000/ws","service":"app","timestamp":"2026-01-29 14:04:37"}
{"level":"info","message":"🌍 Environment: development","service":"app","timestamp":"2026-01-29 14:04:37"}
{"level":"info","message":{"duration":"2443ms","ip":"::1","method":"POST","path":"/login","status":200},"service":"app","timestamp":"2026-01-29 14:04:40"}
{"level":"info","message":{"duration":"429ms","ip":"::1","method":"GET","path":"/metrics","status":500},"service":"app","timestamp":"2026-01-29 14:04:41"}
{"level":"info","message":{"duration":"1918ms","ip":"::1","method":"GET","path":"/incidents","status":500},"service":"app","timestamp":"2026-01-29 14:04:42"}
{"level":"info","message":{"duration":"1633ms","ip":"::1","method":"GET","path":"/metrics","status":500},"service":"app","timestamp":"2026-01-29 14:04:43"}
{"level":"info","message":{"duration":"1846ms","ip":"::1","method":"GET","path":"/incidents","status":500},"service":"app","timestamp":"2026-01-29 14:04:44"}
{"level":"info","message":{"duration":"2369ms","ip":"::1","method":"POST","path":"/login","status":200},"service":"app","timestamp":"2026-01-29 14:04:59"}
{"level":"info","message":{"duration":"418ms","ip":"::1","method":"GET","path":"/metrics","status":500},"service":"app","timestamp":"2026-01-29 14:05:00"}
{"level":"info","message":{"duration":"1891ms","ip":"::1","method":"GET","path":"/incidents","status":500},"service":"app","timestamp":"2026-01-29 14:05:01"}
{"level":"info","message":{"duration":"1678ms","ip":"::1","method":"GET","path":"/metrics","status":500},"service":"app","timestamp":"2026-01-29 14:05:02"}
{"level":"info","message":{"duration":"1822ms","ip":"::1","method":"GET","path":"/incidents","status":500},"service":"app","timestamp":"2026-01-29 14:05:03"}
{"level":"info","message":{"duration":"1620ms","ip":"::1","method":"GET","path":"/public","status":200},"service":"app","timestamp":"2026-01-29 14:05:03"}
{"level":"info","message":{"duration":"1670ms","ip":"::1","method":"GET","path":"/public","status":200},"service":"app","timestamp":"2026-01-29 14:05:03"}
{"level":"info","message":{"duration":"459ms","ip":"::1","method":"GET","path":"/","status":500},"service":"app","timestamp":"2026-01-29 14:05:04"}
{"level":"info","message":{"duration":"416ms","ip":"::1","method":"GET","path":"/","status":500},"service":"app","timestamp":"2026-01-29 14:05:04"}
{"level":"info","message":{"duration":"12456ms","ip":"::1","method":"GET","path":"/api/v1/ceo/overview","status":404},"service":"app","timestamp":"2026-01-29 14:05:54"}
{"level":"info","message":{"duration":"12649ms","ip":"::1","method":"GET","path":"/metrics","status":500},"service":"app","timestamp":"2026-01-29 14:05:54"}
{"level":"info","message":{"duration":"202ms","ip":"::1","method":"GET","path":"/api/v1/ceo/overview","status":404},"service":"app","timestamp":"2026-01-29 14:05:54"}
{"level":"info","message":{"duration":"11038ms","ip":"::1","method":"GET","path":"/public","status":200},"service":"app","timestamp":"2026-01-29 14:05:54"}
{"level":"info","message":{"duration":"11048ms","ip":"::1","method":"GET","path":"/public","status":200},"service":"app","timestamp":"2026-01-29 14:05:54"}
{"level":"info","message":{"duration":"423ms","ip":"::1","method":"GET","path":"/","status":500},"service":"app","timestamp":"2026-01-29 14:05:55"}
{"level":"info","message":{"duration":"415ms","ip":"::1","method":"GET","path":"/","status":500},"service":"app","timestamp":"2026-01-29 14:05:55"}
{"level":"info","message":{"duration":"1738ms","ip":"::1","method":"GET","path":"/metrics","status":500},"service":"app","timestamp":"2026-01-29 14:05:56"}
{"level":"info","message":{"duration":"400ms","ip":"::1","method":"GET","path":"/public","status":200},"service":"app","timestamp":"2026-01-29 14:06:45"}
{"level":"info","message":{"duration":"403ms","ip":"::1","method":"GET","path":"/","status":500},"service":"app","timestamp":"2026-01-29 14:06:45"}
{"level":"info","message":{"duration":"12675ms","ip":"::1","method":"GET","path":"/public","status":200},"service":"app","timestamp":"2026-01-29 14:07:57"}
{"level":"info","message":{"duration":"416ms","ip":"::1","method":"GET","path":"/","status":500},"service":"app","timestamp":"2026-01-29 14:07:57"}
{"level":"info","message":{"duration":"1771ms","ip":"::1","method":"GET","path":"/public","status":200},"service":"app","timestamp":"2026-01-29 14:08:46"}
{"level":"info","message":{"duration":"438ms","ip":"::1","method":"GET","path":"/","status":500},"service":"app","timestamp":"2026-01-29 14:08:47"}
{"level":"info","message":{"duration":"8431ms","ip":"::1","method":"GET","path":"/public","status":200},"service":"app","timestamp":"2026-01-29 14:09:53"}
{"level":"info","message":{"duration":"400ms","ip":"::1","method":"GET","path":"/","status":500},"service":"app","timestamp":"2026-01-29 14:09:53"}
{"level":"info","message":{"duration":"1625ms","ip":"::1","method":"GET","path":"/public","status":200},"service":"app","timestamp":"2026-01-29 14:10:46"}
{"level":"info","message":{"duration":"408ms","ip":"::1","method":"GET","path":"/","status":500},"service":"app","timestamp":"2026-01-29 14:10:46"}
{"level":"info","message":{"duration":"12666ms","ip":"::1","method":"GET","path":"/public","status":200},"service":"app","timestamp":"2026-01-29 14:11:57"}
{"level":"info","message":{"duration":"405ms","ip":"::1","method":"GET","path":"/","status":500},"service":"app","timestamp":"2026-01-29 14:11:57"}
{"level":"info","message":{"duration":"1669ms","ip":"::1","method":"GET","path":"/public","status":200},"service":"app","timestamp":"2026-01-29 14:12:15"}
{"level":"info","message":{"duration":"411ms","ip":"::1","method":"GET","path":"/public","status":200},"service":"app","timestamp":"2026-01-29 14:12:40"}
{"level":"info","message":{"duration":"414ms","ip":"::1","method":"GET","path":"/public","status":200},"service":"app","timestamp":"2026-01-29 14:12:55"}
{"level":"info","message":{"duration":"420ms","ip":"::1","method":"GET","path":"/","status":500},"service":"app","timestamp":"2026-01-29 14:12:55"}
{"level":"info","message":{"duration":"12646ms","ip":"::1","method":"GET","path":"/metrics","status":500},"service":"app","timestamp":"2026-01-29 14:13:11"}
{"level":"info","message":{"duration":"10436ms","ip":"::1","method":"GET","path":"/public","status":200},"service":"app","timestamp":"2026-01-29 14:13:11"}
{"level":"info","message":{"duration":"10496ms","ip":"::1","method":"GET","path":"/public","status":200},"service":"app","timestamp":"2026-01-29 14:13:11"}
{"level":"info","message":{"duration":"12903ms","ip":"::1","method":"GET","path":"/incidents","status":500},"service":"app","timestamp":"2026-01-29 14:13:11"}
{"level":"info","message":{"duration":"416ms","ip":"::1","method":"GET","path":"/","status":500},"service":"app","timestamp":"2026-01-29 14:13:11"}
{"level":"info","message":{"duration":"640ms","ip":"::1","method":"GET","path":"/incidents","status":500},"service":"app","timestamp":"2026-01-29 14:13:11"}
{"level":"info","message":{"duration":"1657ms","ip":"::1","method":"GET","path":"/metrics","status":500},"service":"app","timestamp":"2026-01-29 14:13:12"}
{"level":"info","message":{"duration":"1675ms","ip":"::1","method":"GET","path":"/","status":500},"service":"app","timestamp":"2026-01-29 14:13:13"}
{"level":"info","message":{"duration":"1760ms","ip":"::1","method":"GET","path":"/public","status":200},"service":"app","timestamp":"2026-01-29 14:14:02"}
{"level":"info","message":{"duration":"444ms","ip":"::1","method":"GET","path":"/","status":500},"service":"app","timestamp":"2026-01-29 14:14:03"}
{"level":"info","message":{"duration":"12700ms","ip":"::1","method":"GET","path":"/public","status":200},"service":"app","timestamp":"2026-01-29 14:15:13"}
{"level":"info","message":{"duration":"416ms","ip":"::1","method":"GET","path":"/","status":500},"service":"app","timestamp":"2026-01-29 14:15:13"}
{"level":"info","message":{"duration":"1668ms","ip":"::1","method":"GET","path":"/public","status":200},"service":"app","timestamp":"2026-01-29 14:16:02"}
{"level":"info","message":{"duration":"415ms","ip":"::1","method":"GET","path":"/","status":500},"service":"app","timestamp":"2026-01-29 14:16:02"}
{"level":"info","message":{"duration":"12668ms","ip":"::1","method":"GET","path":"/public","status":200},"service":"app","timestamp":"2026-01-29 14:17:13"}
{"level":"info","message":{"duration":"406ms","ip":"::1","method":"GET","path":"/","status":500},"service":"app","timestamp":"2026-01-29 14:17:13"}
{"level":"info","message":{"duration":"1772ms","ip":"::1","method":"GET","path":"/public","status":200},"service":"app","timestamp":"2026-01-29 14:18:02"}
{"level":"info","message":{"duration":"452ms","ip":"::1","method":"GET","path":"/","status":500},"service":"app","timestamp":"2026-01-29 14:18:03"}
{"level":"info","message":{"duration":"12720ms","ip":"::1","method":"GET","path":"/public","status":200},"service":"app","timestamp":"2026-01-29 14:19:13"}
{"level":"info","message":{"duration":"418ms","ip":"::1","method":"GET","path":"/","status":500},"service":"app","timestamp":"2026-01-29 14:19:13"}
{"level":"info","message":{"duration":"1635ms","ip":"::1","method":"GET","path":"/public","status":200},"service":"app","timestamp":"2026-01-29 14:20:09"}
{"level":"info","message":{"duration":"9ms","ip":"::1","method":"GET","path":"/","status":401},"service":"app","timestamp":"2026-01-29 14:20:09"}
{"level":"info","message":{"duration":"408ms","ip":"::1","method":"GET","path":"/public","status":200},"service":"app","timestamp":"2026-01-29 14:21:08"}
{"level":"info","message":{"duration":"3ms","ip":"::1","method":"GET","path":"/","status":401},"service":"app","timestamp":"2026-01-29 14:21:08"}
{"level":"info","message":{"duration":"424ms","ip":"::1","method":"GET","path":"/public","status":200},"service":"app","timestamp":"2026-01-29 14:22:08"}
{"level":"info","message":{"duration":"15ms","ip":"::1","method":"GET","path":"/","status":401},"service":"app","timestamp":"2026-01-29 14:22:08"}
{"level":"info","message":{"duration":"400ms","ip":"::1","method":"GET","path":"/public","status":200},"service":"app","timestamp":"2026-01-29 14:23:08"}
{"level":"info","message":{"duration":"3ms","ip":"::1","method":"GET","path":"/","status":401},"service":"app","timestamp":"2026-01-29 14:23:08"}
{"level":"info","message":{"duration":"405ms","ip":"::1","method":"GET","path":"/public","status":200},"service":"app","timestamp":"2026-01-29 14:24:08"}
{"level":"info","message":{"duration":"5ms","ip":"::1","method":"GET","path":"/","status":401},"service":"app","timestamp":"2026-01-29 14:24:08"}
{"level":"info","message":{"duration":"400ms","ip":"::1","method":"GET","path":"/public","status":200},"service":"app","timestamp":"2026-01-29 14:25:08"}
{"level":"info","message":{"duration":"7ms","ip":"::1","method":"GET","path":"/","status":401},"service":"app","timestamp":"2026-01-29 14:25:08"}
{"level":"info","message":{"duration":"415ms","ip":"::1","method":"GET","path":"/public","status":200},"service":"app","timestamp":"2026-01-29 14:26:08"}
{"level":"info","message":{"duration":"6ms","ip":"::1","method":"GET","path":"/","status":401},"service":"app","timestamp":"2026-01-29 14:26:08"}
{"level":"info","message":{"duration":"400ms","ip":"::1","method":"GET","path":"/public","status":200},"service":"app","timestamp":"2026-01-29 14:27:08"}
{"level":"info","message":{"duration":"3ms","ip":"::1","method":"GET","path":"/","status":401},"service":"app","timestamp":"2026-01-29 14:27:08"}
{"level":"info","message":{"duration":"402ms","ip":"::1","method":"GET","path":"/public","status":200},"service":"app","timestamp":"2026-01-29 14:28:08"}
{"level":"info","message":{"duration":"4ms","ip":"::1","method":"GET","path":"/","status":401},"service":"app","timestamp":"2026-01-29 14:28:08"}
{"level":"info","message":{"duration":"400ms","ip":"::1","method":"GET","path":"/public","status":200},"service":"app","timestamp":"2026-01-29 14:29:08"}
{"level":"info","message":{"duration":"4ms","ip":"::1","method":"GET","path":"/","status":401},"service":"app","timestamp":"2026-01-29 14:29:08"}
{"level":"info","message":{"duration":"401ms","ip":"::1","method":"GET","path":"/public","status":200},"service":"app","timestamp":"2026-01-29 14:30:08"}
{"level":"info","message":{"duration":"2ms","ip":"::1","method":"GET","path":"/","status":401},"service":"app","timestamp":"2026-01-29 14:30:08"}
{"level":"info","message":{"duration":"401ms","ip":"::1","method":"GET","path":"/public","status":200},"service":"app","timestamp":"2026-01-29 14:31:08"}
{"level":"info","message":{"duration":"5ms","ip":"::1","method":"GET","path":"/","status":401},"service":"app","timestamp":"2026-01-29 14:31:08"}
{"level":"info","message":{"duration":"406ms","ip":"::1","method":"GET","path":"/public","status":200},"service":"app","timestamp":"2026-01-29 14:32:08"}
{"level":"info","message":{"duration":"3ms","ip":"::1","method":"GET","path":"/","status":401},"service":"app","timestamp":"2026-01-29 14:32:08"}
{"level":"info","message":{"duration":"416ms","ip":"::1","method":"GET","path":"/public","status":200},"service":"app","timestamp":"2026-01-29 14:33:08"}
{"level":"info","message":{"duration":"4ms","ip":"::1","method":"GET","path":"/","status":401},"service":"app","timestamp":"2026-01-29 14:33:08"}
{"level":"info","message":{"duration":"401ms","ip":"::1","method":"GET","path":"/public","status":200},"service":"app","timestamp":"2026-01-29 14:34:08"}
{"level":"info","message":{"duration":"4ms","ip":"::1","method":"GET","path":"/","status":401},"service":"app","timestamp":"2026-01-29 14:34:08"}
{"level":"info","message":{"duration":"401ms","ip":"::1","method":"GET","path":"/public","status":200},"service":"app","timestamp":"2026-01-29 14:35:08"}
{"level":"info","message":{"duration":"4ms","ip":"::1","method":"GET","path":"/","status":401},"service":"app","timestamp":"2026-01-29 14:35:08"}
{"level":"info","message":{"duration":"409ms","ip":"::1","method":"GET","path":"/public","status":200},"service":"app","timestamp":"2026-01-29 14:36:08"}
{"level":"info","message":{"duration":"2ms","ip":"::1","method":"GET","path":"/","status":401},"service":"app","timestamp":"2026-01-29 14:36:08"}
{"level":"info","message":{"duration":"401ms","ip":"::1","method":"GET","path":"/public","status":200},"service":"app","timestamp":"2026-01-29 14:37:08"}
{"level":"info","message":{"duration":"2ms","ip":"::1","method":"GET","path":"/","status":401},"service":"app","timestamp":"2026-01-29 14:37:08"}
{"level":"info","message":{"duration":"402ms","ip":"::1","method":"GET","path":"/public","status":200},"service":"app","timestamp":"2026-01-29 14:38:08"}
{"level":"info","message":{"duration":"5ms","ip":"::1","method":"GET","path":"/","status":401},"service":"app","timestamp":"2026-01-29 14:38:08"}
{"level":"info","message":{"duration":"408ms","ip":"::1","method":"GET","path":"/public","status":200},"service":"app","timestamp":"2026-01-29 14:39:08"}
{"level":"info","message":{"duration":"3ms","ip":"::1","method":"GET","path":"/","status":401},"service":"app","timestamp":"2026-01-29 14:39:08"}
{"level":"info","message":{"duration":"401ms","ip":"::1","method":"GET","path":"/public","status":200},"service":"app","timestamp":"2026-01-29 14:40:08"}
{"level":"info","message":{"duration":"3ms","ip":"::1","method":"GET","path":"/","status":401},"service":"app","timestamp":"2026-01-29 14:40:08"}
{"level":"info","message":{"duration":"401ms","ip":"::1","method":"GET","path":"/public","status":200},"service":"app","timestamp":"2026-01-29 14:41:08"}
{"level":"info","message":{"duration":"4ms","ip":"::1","method":"GET","path":"/","status":401},"service":"app","timestamp":"2026-01-29 14:41:08"}
{"level":"info","message":{"duration":"402ms","ip":"::1","method":"GET","path":"/public","status":200},"service":"app","timestamp":"2026-01-29 14:42:08"}
{"level":"info","message":{"duration":"2ms","ip":"::1","method":"GET","path":"/","status":401},"service":"app","timestamp":"2026-01-29 14:42:08"}
{"level":"info","message":{"duration":"402ms","ip":"::1","method":"GET","path":"/public","status":200},"service":"app","timestamp":"2026-01-29 14:43:08"}
{"level":"info","message":{"duration":"2ms","ip":"::1","method":"GET","path":"/","status":401},"service":"app","timestamp":"2026-01-29 14:43:08"}
{"level":"info","message":{"duration":"404ms","ip":"::1","method":"GET","path":"/public","status":200},"service":"app","timestamp":"2026-01-29 14:44:08"}
{"level":"info","message":{"duration":"4ms","ip":"::1","method":"GET","path":"/","status":401},"service":"app","timestamp":"2026-01-29 14:44:08"}
{"level":"info","message":{"duration":"403ms","ip":"::1","method":"GET","path":"/public","status":200},"service":"app","timestamp":"2026-01-29 14:45:08"}
{"level":"info","message":{"duration":"3ms","ip":"::1","method":"GET","path":"/","status":401},"service":"app","timestamp":"2026-01-29 14:45:08"}
{"level":"info","message":{"duration":"410ms","ip":"::1","method":"GET","path":"/public","status":200},"service":"app","timestamp":"2026-01-29 14:46:08"}
{"level":"info","message":{"duration":"5ms","ip":"::1","method":"GET","path":"/","status":401},"service":"app","timestamp":"2026-01-29 14:46:08"}
{"level":"info","message":{"duration":"402ms","ip":"::1","method":"GET","path":"/public","status":200},"service":"app","timestamp":"2026-01-29 14:47:08"}
{"level":"info","message":{"duration":"3ms","ip":"::1","method":"GET","path":"/","status":401},"service":"app","timestamp":"2026-01-29 14:47:08"}
{"level":"info","message":{"duration":"400ms","ip":"::1","method":"GET","path":"/public","status":200},"service":"app","timestamp":"2026-01-29 14:48:08"}
{"level":"info","message":{"duration":"4ms","ip":"::1","method":"GET","path":"/","status":401},"service":"app","timestamp":"2026-01-29 14:48:08"}
{"level":"info","message":{"duration":"403ms","ip":"::1","method":"GET","path":"/public","status":200},"service":"app","timestamp":"2026-01-29 14:49:08"}
{"level":"info","message":{"duration":"3ms","ip":"::1","method":"GET","path":"/","status":401},"service":"app","timestamp":"2026-01-29 14:49:08"}
{"level":"info","message":{"duration":"405ms","ip":"::1","method":"GET","path":"/public","status":200},"service":"app","timestamp":"2026-01-29 14:50:08"}
{"level":"info","message":{"duration":"3ms","ip":"::1","method":"GET","path":"/","status":401},"service":"app","timestamp":"2026-01-29 14:50:08"}
{"level":"info","message":{"duration":"405ms","ip":"::1","method":"GET","path":"/public","status":200},"service":"app","timestamp":"2026-01-29 14:51:08"}
{"level":"info","message":{"duration":"3ms","ip":"::1","method":"GET","path":"/","status":401},"service":"app","timestamp":"2026-01-29 14:51:08"}
{"level":"info","message":{"duration":"412ms","ip":"::1","method":"GET","path":"/public","status":200},"service":"app","timestamp":"2026-01-29 14:52:08"}
{"level":"info","message":{"duration":"4ms","ip":"::1","method":"GET","path":"/","status":401},"service":"app","timestamp":"2026-01-29 14:52:08"}
{"level":"info","message":{"duration":"401ms","ip":"::1","method":"GET","path":"/public","status":200},"service":"app","timestamp":"2026-01-29 14:53:08"}
{"level":"info","message":{"duration":"3ms","ip":"::1","method":"GET","path":"/","status":401},"service":"app","timestamp":"2026-01-29 14:53:08"}
{"level":"info","message":{"duration":"401ms","ip":"::1","method":"GET","path":"/public","status":200},"service":"app","timestamp":"2026-01-29 14:54:08"}
{"level":"info","message":{"duration":"3ms","ip":"::1","method":"GET","path":"/","status":401},"service":"app","timestamp":"2026-01-29 14:54:08"}
{"level":"info","message":{"duration":"407ms","ip":"::1","method":"GET","path":"/public","status":200},"service":"app","timestamp":"2026-01-29 14:55:08"}
{"level":"info","message":{"duration":"4ms","ip":"::1","method":"GET","path":"/","status":401},"service":"app","timestamp":"2026-01-29 14:55:08"}
{"level":"info","message":{"duration":"401ms","ip":"::1","method":"GET","path":"/public","status":200},"service":"app","timestamp":"2026-01-29 14:56:08"}
{"level":"info","message":{"duration":"4ms","ip":"::1","method":"GET","path":"/","status":401},"service":"app","timestamp":"2026-01-29 14:56:08"}
{"level":"info","message":{"duration":"402ms","ip":"::1","method":"GET","path":"/public","status":200},"service":"app","timestamp":"2026-01-29 14:57:08"}
{"level":"info","message":{"duration":"4ms","ip":"::1","method":"GET","path":"/","status":401},"service":"app","timestamp":"2026-01-29 14:57:08"}
{"level":"info","message":{"duration":"400ms","ip":"::1","method":"GET","path":"/public","status":200},"service":"app","timestamp":"2026-01-29 14:58:08"}
{"level":"info","message":{"duration":"4ms","ip":"::1","method":"GET","path":"/","status":401},"service":"app","timestamp":"2026-01-29 14:58:08"}
{"level":"info","message":{"duration":"406ms","ip":"::1","method":"GET","path":"/public","status":200},"service":"app","timestamp":"2026-01-29 14:59:08"}
{"level":"info","message":{"duration":"6ms","ip":"::1","method":"GET","path":"/","status":401},"service":"app","timestamp":"2026-01-29 14:59:08"}
{"level":"info","message":{"duration":"404ms","ip":"::1","method":"GET","path":"/public","status":200},"service":"app","timestamp":"2026-01-29 15:00:08"}
{"level":"info","message":{"duration":"5ms","ip":"::1","method":"GET","path":"/","status":401},"service":"app","timestamp":"2026-01-29 15:00:08"}
{"level":"info","message":{"duration":"406ms","ip":"::1","method":"GET","path":"/public","status":200},"service":"app","timestamp":"2026-01-29 15:01:08"}
{"level":"info","message":{"duration":"5ms","ip":"::1","method":"GET","path":"/","status":401},"service":"app","timestamp":"2026-01-29 15:01:08"}
{"level":"info","message":{"duration":"402ms","ip":"::1","method":"GET","path":"/public","status":200},"service":"app","timestamp":"2026-01-29 15:02:08"}
{"level":"info","message":{"duration":"6ms","ip":"::1","method":"GET","path":"/","status":401},"service":"app","timestamp":"2026-01-29 15:02:08"}
{"level":"info","message":{"duration":"407ms","ip":"::1","method":"GET","path":"/public","status":200},"service":"app","timestamp":"2026-01-29 15:03:08"}
{"level":"info","message":{"duration":"3ms","ip":"::1","method":"GET","path":"/","status":401},"service":"app","timestamp":"2026-01-29 15:03:08"}
{"level":"info","message":{"duration":"406ms","ip":"::1","method":"GET","path":"/public","status":200},"service":"app","timestamp":"2026-01-29 15:04:08"}
{"level":"info","message":{"duration":"3ms","ip":"::1","method":"GET","path":"/","status":401},"service":"app","timestamp":"2026-01-29 15:04:08"}
{"level":"info","message":{"duration":"405ms","ip":"::1","method":"GET","path":"/public","status":200},"service":"app","timestamp":"2026-01-29 15:05:08"}
{"level":"info","message":{"duration":"5ms","ip":"::1","method":"GET","path":"/","status":401},"service":"app","timestamp":"2026-01-29 15:05:08"}
{"level":"info","message":{"duration":"400ms","ip":"::1","method":"GET","path":"/public","status":200},"service":"app","timestamp":"2026-01-29 15:06:08"}
{"level":"info","message":{"duration":"6ms","ip":"::1","method":"GET","path":"/","status":401},"service":"app","timestamp":"2026-01-29 15:06:08"}
{"level":"info","message":{"duration":"405ms","ip":"::1","method":"GET","path":"/public","status":200},"service":"app","timestamp":"2026-01-29 15:07:08"}
{"level":"info","message":{"duration":"6ms","ip":"::1","method":"GET","path":"/","status":401},"service":"app","timestamp":"2026-01-29 15:07:08"}
{"level":"info","message":{"duration":"400ms","ip":"::1","method":"GET","path":"/public","status":200},"service":"app","timestamp":"2026-01-29 15:08:08"}
{"level":"info","message":{"duration":"5ms","ip":"::1","method":"GET","path":"/","status":401},"service":"app","timestamp":"2026-01-29 15:08:08"}
{"level":"info","message":{"duration":"400ms","ip":"::1","method":"GET","path":"/public","status":200},"service":"app","timestamp":"2026-01-29 15:09:08"}
{"level":"info","message":{"duration":"7ms","ip":"::1","method":"GET","path":"/","status":401},"service":"app","timestamp":"2026-01-29 15:09:08"}
{"level":"info","message":{"duration":"401ms","ip":"::1","method":"GET","path":"/public","status":200},"service":"app","timestamp":"2026-01-29 15:10:08"}
{"level":"info","message":{"duration":"5ms","ip":"::1","method":"GET","path":"/","status":401},"service":"app","timestamp":"2026-01-29 15:10:08"}
{"level":"info","message":{"duration":"399ms","ip":"::1","method":"GET","path":"/public","status":200},"service":"app","timestamp":"2026-01-29 15:11:08"}
{"level":"info","message":{"duration":"3ms","ip":"::1","method":"GET","path":"/","status":401},"service":"app","timestamp":"2026-01-29 15:11:08"}
{"level":"info","message":{"duration":"402ms","ip":"::1","method":"GET","path":"/public","status":200},"service":"app","timestamp":"2026-01-29 15:12:08"}
{"level":"info","message":{"duration":"6ms","ip":"::1","method":"GET","path":"/","status":401},"service":"app","timestamp":"2026-01-29 15:12:08"}
{"level":"info","message":{"duration":"405ms","ip":"::1","method":"GET","path":"/public","status":200},"service":"app","timestamp":"2026-01-29 15:13:08"}
{"level":"info","message":{"duration":"4ms","ip":"::1","method":"GET","path":"/","status":401},"service":"app","timestamp":"2026-01-29 15:13:08"}
{"level":"info","message":{"duration":"401ms","ip":"::1","method":"GET","path":"/public","status":200},"service":"app","timestamp":"2026-01-29 15:14:08"}
{"level":"info","message":{"duration":"3ms","ip":"::1","method":"GET","path":"/","status":401},"service":"app","timestamp":"2026-01-29 15:14:08"}
{"level":"info","message":{"duration":"406ms","ip":"::1","method":"GET","path":"/public","status":200},"service":"app","timestamp":"2026-01-29 15:15:08"}
{"level":"info","message":{"duration":"3ms","ip":"::1","method":"GET","path":"/","status":401},"service":"app","timestamp":"2026-01-29 15:15:08"}
{"level":"info","message":{"duration":"399ms","ip":"::1","method":"GET","path":"/public","status":200},"service":"app","timestamp":"2026-01-29 15:16:08"}
{"level":"info","message":{"duration":"4ms","ip":"::1","method":"GET","path":"/","status":401},"service":"app","timestamp":"2026-01-29 15:16:08"}
{"level":"info","message":{"duration":"400ms","ip":"::1","method":"GET","path":"/public","status":200},"service":"app","timestamp":"2026-01-29 15:17:08"}
{"level":"info","message":{"duration":"4ms","ip":"::1","method":"GET","path":"/","status":401},"service":"app","timestamp":"2026-01-29 15:17:08"}
{"level":"info","message":{"duration":"399ms","ip":"::1","method":"GET","path":"/public","status":200},"service":"app","timestamp":"2026-01-29 15:18:08"}
{"level":"info","message":{"duration":"3ms","ip":"::1","method":"GET","path":"/","status":401},"service":"app","timestamp":"2026-01-29 15:18:08"}
{"level":"info","message":"🚀 Starting Security Dashboard Backend...","service":"app","timestamp":"2026-01-31 10:14:39"}
{"level":"warn","message":"⚠️  LDAP connection failed. AD authentication will be disabled.","service":"app","timestamp":"2026-01-31 10:14:43"}
{"level":"info","message":"Initialized 0 connectors","service":"app","timestamp":"2026-01-31 10:14:43"}
{"level":"info","message":"✅ Security tool connectors initialized","service":"app","timestamp":"2026-01-31 10:14:43"}
{"level":"info","message":"WebSocket heartbeat started","service":"app","timestamp":"2026-01-31 10:14:43"}
{"level":"info","message":"WebSocket server initialized","service":"app","timestamp":"2026-01-31 10:14:43"}
{"level":"info","message":"Database triggers setup complete","service":"app","timestamp":"2026-01-31 10:14:44"}
{"level":"info","message":"✅ WebSocket server initialized","service":"app","timestamp":"2026-01-31 10:14:44"}
{"level":"info","message":"✅ Server running on port 5000","service":"app","timestamp":"2026-01-31 10:14:44"}
{"level":"info","message":"📊 API Base URL: /api/v1","service":"app","timestamp":"2026-01-31 10:14:44"}
{"level":"info","message":"🔌 WebSocket URL: ws://localhost:5000/ws","service":"app","timestamp":"2026-01-31 10:14:44"}
{"level":"info","message":"🌍 Environment: development","service":"app","timestamp":"2026-01-31 10:14:44"}
{"level":"info","message":{"duration":"1745ms","ip":"::ffff:127.0.0.1","method":"GET","path":"/public","status":200},"service":"app","timestamp":"2026-01-31 10:14:45"}
{"level":"info","message":{"duration":"25ms","ip":"::ffff:127.0.0.1","method":"GET","path":"/","status":401},"service":"app","timestamp":"2026-01-31 10:14:45"}
{"level":"info","message":{"duration":"418ms","ip":"::ffff:127.0.0.1","method":"GET","path":"/public","status":200},"service":"app","timestamp":"2026-01-31 10:15:42"}
{"level":"info","message":{"duration":"7ms","ip":"::ffff:127.0.0.1","method":"GET","path":"/","status":401},"service":"app","timestamp":"2026-01-31 10:15:42"}
{"level":"info","message":{"duration":"413ms","ip":"::1","method":"GET","path":"/public","status":200},"service":"app","timestamp":"2026-01-31 10:16:43"}
{"level":"info","message":{"duration":"6ms","ip":"::1","method":"GET","path":"/","status":401},"service":"app","timestamp":"2026-01-31 10:16:43"}
{"level":"info","message":{"duration":"412ms","ip":"::1","method":"GET","path":"/public","status":200},"service":"app","timestamp":"2026-01-31 10:17:42"}
{"level":"info","message":{"duration":"7ms","ip":"::1","method":"GET","path":"/","status":401},"service":"app","timestamp":"2026-01-31 10:17:42"}
{"level":"info","message":{"duration":"7ms","ip":"::1","method":"GET","path":"/overview","status":401},"service":"app","timestamp":"2026-01-31 10:18:16"}
{"level":"info","message":{"duration":"29ms","ip":"::1","method":"GET","path":"/overview","status":401},"service":"app","timestamp":"2026-01-31 10:18:16"}
{"level":"info","message":{"duration":"17ms","ip":"::1","method":"GET","path":"/metrics","status":401},"service":"app","timestamp":"2026-01-31 10:18:16"}
{"level":"info","message":{"duration":"5ms","ip":"::1","method":"GET","path":"/metrics","status":401},"service":"app","timestamp":"2026-01-31 10:18:16"}
{"level":"info","message":{"duration":"7ms","ip":"::1","method":"GET","path":"/overview","status":401},"service":"app","timestamp":"2026-01-31 10:18:48"}
{"level":"info","message":{"duration":"5ms","ip":"::1","method":"GET","path":"/metrics","status":401},"service":"app","timestamp":"2026-01-31 10:18:48"}
{"level":"info","message":{"duration":"415ms","ip":"::1","method":"GET","path":"/public","status":200},"service":"app","timestamp":"2026-01-31 10:18:51"}
{"level":"info","message":{"duration":"8ms","ip":"::1","method":"GET","path":"/","status":401},"service":"app","timestamp":"2026-01-31 10:18:51"}
{"level":"info","message":{"duration":"5ms","ip":"::1","method":"GET","path":"/metrics","status":401},"service":"app","timestamp":"2026-01-31 10:18:59"}
{"level":"info","message":{"duration":"8ms","ip":"::1","method":"GET","path":"/metrics","status":401},"service":"app","timestamp":"2026-01-31 10:18:59"}
{"level":"info","message":{"duration":"10ms","ip":"::1","method":"GET","path":"/incidents","status":401},"service":"app","timestamp":"2026-01-31 10:18:59"}
{"level":"info","message":{"duration":"20ms","ip":"::1","method":"GET","path":"/incidents","status":401},"service":"app","timestamp":"2026-01-31 10:18:59"}
{"level":"info","message":{"duration":"413ms","ip":"::1","method":"GET","path":"/public","status":200},"service":"app","timestamp":"2026-01-31 10:19:01"}
{"level":"info","message":{"duration":"9ms","ip":"::1","method":"GET","path":"/","status":401},"service":"app","timestamp":"2026-01-31 10:19:01"}
{"level":"info","message":{"duration":"1761ms","ip":"::1","method":"GET","path":"/public","status":200},"service":"app","timestamp":"2026-01-31 10:19:03"}
{"level":"info","message":{"duration":"10ms","ip":"::1","method":"GET","path":"/","status":401},"service":"app","timestamp":"2026-01-31 10:19:03"}
{"level":"info","message":{"duration":"12791ms","ip":"::1","method":"GET","path":"/public","status":200},"service":"app","timestamp":"2026-01-31 10:19:03"}
{"level":"info","message":{"duration":"7ms","ip":"::1","method":"GET","path":"/","status":401},"service":"app","timestamp":"2026-01-31 10:19:03"}
{"level":"info","message":{"duration":"427ms","ip":"::1","method":"GET","path":"/public","status":200},"service":"app","timestamp":"2026-01-31 10:20:02"}
{"level":"info","message":{"duration":"5ms","ip":"::1","method":"GET","path":"/","status":401},"service":"app","timestamp":"2026-01-31 10:20:02"}
{"level":"info","message":{"duration":"428ms","ip":"::1","method":"GET","path":"/public","status":200},"service":"app","timestamp":"2026-01-31 10:21:02"}
{"level":"info","message":{"duration":"8ms","ip":"::1","method":"GET","path":"/","status":401},"service":"app","timestamp":"2026-01-31 10:21:02"}
{"level":"info","message":{"duration":"443ms","ip":"::1","method":"GET","path":"/public","status":200},"service":"app","timestamp":"2026-01-31 10:22:02"}
{"level":"info","message":{"duration":"36ms","ip":"::1","method":"GET","path":"/","status":401},"service":"app","timestamp":"2026-01-31 10:22:02"}
{"level":"info","message":{"duration":"434ms","ip":"::1","method":"GET","path":"/public","status":200},"service":"app","timestamp":"2026-01-31 10:23:02"}
{"level":"info","message":{"duration":"7ms","ip":"::1","method":"GET","path":"/","status":401},"service":"app","timestamp":"2026-01-31 10:23:02"}
{"level":"info","message":{"duration":"426ms","ip":"::1","method":"GET","path":"/public","status":200},"service":"app","timestamp":"2026-01-31 10:24:02"}
{"level":"info","message":{"duration":"10ms","ip":"::1","method":"GET","path":"/","status":401},"service":"app","timestamp":"2026-01-31 10:24:02"}
{"level":"info","message":{"duration":"432ms","ip":"::1","method":"GET","path":"/public","status":200},"service":"app","timestamp":"2026-01-31 10:25:02"}
{"level":"info","message":{"duration":"5ms","ip":"::1","method":"GET","path":"/","status":401},"service":"app","timestamp":"2026-01-31 10:25:02"}
{"level":"info","message":{"duration":"430ms","ip":"::1","method":"GET","path":"/public","status":200},"service":"app","timestamp":"2026-01-31 10:26:57"}
{"level":"info","message":{"duration":"10ms","ip":"::1","method":"GET","path":"/","status":401},"service":"app","timestamp":"2026-01-31 10:26:57"}
{"level":"info","message":{"duration":"440ms","ip":"::1","method":"GET","path":"/public","status":200},"service":"app","timestamp":"2026-01-31 10:27:57"}
{"level":"info","message":{"duration":"6ms","ip":"::1","method":"GET","path":"/","status":401},"service":"app","timestamp":"2026-01-31 10:27:57"}
